0,A
1,AA
2,AABA
3,AAC
4,AAL
5,AAMC
6,AAME
7,AAN
8,AAOI
9,AAON
10,AAP
11,AAPL
12,AAT
13,AAU
14,AAWW
15,AAXJ
16,AAXN
17,AB
18,ABAC
19,ABB
20,ABBV
21,ABC
22,ABCB
23,ABCD
24,ABDC
25,ABEO
26,ABEOW
27,ABEV
28,ABG
29,ABIL
30,ABIO
31,ABM
32,ABMD
33,ABR
34,ABT
35,ABTX
36,ABUS
37,ABX
38,AC
39,ACAD
40,ACBI
41,ACC
42,ACCO
43,ACER
44,ACET
45,ACGL
46,ACGLO
47,ACGLP
48,ACH
49,ACHC
50,ACHN
51,ACHV
52,ACIA
53,ACIU
54,ACIW
55,ACLS
56,ACM
57,ACMR
58,ACN
59,ACNB
60,ACOR
61,ACP
62,ACRE
63,ACRS
64,ACRX
65,ACST
66,ACT
67,ACTG
68,ACU
69,ACUR
70,ACV
71,ACWI
72,ACWX
73,ACY
74,ADAP
75,ADBE
76,ADC
77,ADES
78,ADI
79,ADIL
80,ADILW
81,ADM
82,ADMA
83,ADMP
84,ADMS
85,ADNT
86,ADOM
87,ADP
88,ADRA
89,ADRD
90,ADRE
91,ADRO
92,ADRU
93,ADS
94,ADSK
95,ADSW
96,ADT
97,ADTN
98,ADUS
99,ADVM
100,ADX
101,ADXS
102,AE
103,AEB
104,AED
105,AEE
106,AEF
107,AEG
108,AEGN
109,AEH
110,AEHR
111,AEIS
112,AEL
113,AEM
114,AEMD
115,AEO
116,AEP
117,AER
118,AERI
119,AES
120,AET
121,AETI
122,AEY
123,AEYE
124,AEZS
125,AFB
126,AFC
127,AFG
128,AFGE
129,AFGH
130,AFH
131,AFHBL
132,AFI
133,AFIN
134,AFL
135,AFMD
136,AFSI
137,AFSS
138,AFST
139,AFT
140,AG
141,AGCO
142,AGD
143,AGEN
144,AGFS
145,AGFSW
146,AGI
147,AGIO
148,AGLE
149,AGM
150,AGMH
151,AGN
152,AGNC
153,AGNCB
154,AGNCN
155,AGND
156,AGO
157,AGR
158,AGRO
159,AGRX
160,AGS
161,AGTC
162,AGX
163,AGYS
164,AGZD
165,AHC
166,AHH
167,AHL
168,AHPA
169,AHPAU
170,AHPI
171,AHT
172,AI
173,AIA
174,AIC
175,AIF
176,AIG
177,AIHS
178,AIMC
179,AIMT
180,AIN
181,AINC
182,AINV
183,AIPT
184,AIQ
185,AIR
186,AIRG
187,AIRI
188,AIRR
189,AIRT
190,AIT
191,AIV
192,AIW
193,AIY
194,AIZ
195,AIZP
196,AJG
197,AJRD
198,AJX
199,AJXA
200,AKAM
201,AKAO
202,AKBA
203,AKCA
204,AKER
205,AKG
206,AKP
207,AKR
208,AKRX
209,AKS
210,AKTS
211,AKTX
212,AL
213,ALB
214,ALBO
215,ALCO
216,ALDR
217,ALDX
218,ALE
219,ALEX
220,ALG
221,ALGN
222,ALGR
223,ALGRR
224,ALGRU
225,ALGRW
226,ALGT
227,ALIM
228,ALJJ
229,ALK
230,ALKS
231,ALL
232,ALLE
233,ALLK
234,ALLT
235,ALLY
236,ALNA
237,ALNY
238,ALO
239,ALOT
240,ALPN
241,ALQA
242,ALRM
243,ALRN
244,ALSK
245,ALSN
246,ALT
247,ALTR
248,ALTY
249,ALV
250,ALX
251,ALXN
252,AM
253,AMAG
254,AMAL
255,AMAT
256,AMBA
257,AMBC
258,AMBCW
259,AMBO
260,AMBR
261,AMC
262,AMCA
263,AMCN
264,AMCX
265,AMD
266,AMDA
267,AME
268,AMED
269,AMEH
270,AMG
271,AMGN
272,AMGP
273,AMH
274,AMID
275,AMKR
276,AMMA
277,AMN
278,AMNB
279,AMOT
280,AMOV
281,AMP
282,AMPE
283,AMPH
284,AMR
285,AMRB
286,AMRC
287,AMRH
288,AMRHW
289,AMRK
290,AMRN
291,AMRS
292,AMRWW
293,AMRX
294,AMS
295,AMSC
296,AMSF
297,AMSWA
298,AMT
299,AMTD
300,AMTX
301,AMWD
302,AMX
303,AMZN
304,AN
305,ANAB
306,ANAT
307,ANCB
308,ANCX
309,ANDE
310,ANDX
311,ANET
312,ANF
313,ANFI
314,ANGI
315,ANGO
316,ANH
317,ANIK
318,ANIP
319,ANSS
320,ANTH
321,ANTM
322,ANW
323,ANY
324,AOBC
325,AOD
326,AON
327,AOS
328,AOSL
329,AP
330,APA
331,APAM
332,APB
333,APC
334,APD
335,APDN
336,APDNW
337,APEI
338,APEN
339,APF
340,APFH
341,APH
342,APHB
343,APLE
344,APLP
345,APLS
346,APO
347,APOG
348,APOP
349,APOPW
350,APPF
351,APPN
352,APPS
353,APRI
354,APRN
355,APT
356,APTI
357,APTO
358,APTS
359,APTV
360,APTX
361,APU
362,APVO
363,APWC
364,APY
365,AQ
366,AQB
367,AQMS
368,AQN
369,AQST
370,AQUA
371,AQXP
372,AR
373,ARA
374,ARAY
375,ARC
376,ARCB
377,ARCC
378,ARCH
379,ARCI
380,ARCO
381,ARCT
382,ARCW
383,ARD
384,ARDC
385,ARDM
386,ARDS
387,ARDX
388,ARE
389,ARES
390,AREX
391,ARGD
392,ARGO
393,ARGS
394,ARGX
395,ARI
396,ARII
397,ARKR
398,ARL
399,ARLO
400,ARLP
401,ARLZ
402,ARMK
403,ARNA
404,ARNC
405,AROC
406,AROW
407,ARPO
408,ARQL
409,ARR
410,ARRS
411,ARRY
412,ARTNA
413,ARTW
414,ARTX
415,ARW
416,ARWR
417,ASA
418,ASB
419,ASC
420,ASCMA
421,ASET
422,ASFI
423,ASG
424,ASGN
425,ASH
426,ASIX
427,ASLN
428,ASM
429,ASMB
430,ASML
431,ASNA
432,ASND
433,ASNS
434,ASPN
435,ASPS
436,ASPU
437,ASR
438,ASRT
439,ASRV
440,ASRVP
441,AST
442,ASTC
443,ASTE
444,ASUR
445,ASV
446,ASX
447,ASYS
448,AT
449,ATAI
450,ATAX
451,ATEC
452,ATEN
453,ATEST
454,ATGE
455,ATH
456,ATHM
457,ATHN
458,ATHX
459,ATI
460,ATIS
461,ATISW
462,ATKR
463,ATLC
464,ATLO
465,ATNI
466,ATNM
467,ATNX
468,ATO
469,ATOM
470,ATOS
471,ATR
472,ATRA
473,ATRC
474,ATRI
475,ATRO
476,ATRS
477,ATSG
478,ATTO
479,ATTU
480,ATU
481,ATUS
482,ATV
483,ATVI
484,ATXI
485,AU
486,AUBN
487,AUDC
488,AUG
489,AUMN
490,AUO
491,AUPH
492,AUTL
493,AUTO
494,AUXO
495,AUY
496,AVA
497,AVAL
498,AVAV
499,AVB
500,AVD
501,AVDL
502,AVEO
503,AVGO
504,AVGR
505,AVH
506,AVHI
507,AVID
508,AVK
509,AVLR
510,AVNS
511,AVNW
512,AVP
513,AVRO
514,AVT
515,AVX
516,AVXL
517,AVY
518,AVYA
519,AWF
520,AWH
521,AWI
522,AWK
523,AWP
524,AWR
525,AWRE
526,AWSM
527,AWX
528,AXAS
529,AXDX
530,AXE
531,AXGN
532,AXL
533,AXN
534,AXON
535,AXP
536,AXR
537,AXS
538,AXSM
539,AXTA
540,AXTI
541,AXU
542,AY
543,AYI
544,AYR
545,AYTU
546,AYX
547,AZN
548,AZO
549,AZPN
550,AZRE
551,AZRX
552,AZUL
553,AZZ
554,B
555,BA
556,BABA
557,BABY
558,BAC
559,BAF
560,BAH
561,BAK
562,BAM
563,BANC
564,BAND
565,BANF
566,BANFP
567,BANR
568,BANX
569,BAP
570,BAS
571,BASI
572,BATRA
573,BATRK
574,BAX
575,BB
576,BBBY
577,BBC
578,BBD
579,BBDC
580,BBDO
581,BBF
582,BBGI
583,BBH
584,BBK
585,BBL
586,BBN
587,BBOX
588,BBP
589,BBRG
590,BBSI
591,BBT
592,BBU
593,BBVA
594,BBW
595,BBX
596,BBY
597,BC
598,BCAC
599,BCACR
600,BCACU
601,BCACW
602,BCBP
603,BCC
604,BCE
605,BCEI
606,BCH
607,BCLI
608,BCML
609,BCNA
610,BCO
611,BCOM
612,BCOR
613,BCOV
614,BCPC
615,BCRH
616,BCRX
617,BCS
618,BCTF
619,BCV
620,BCX
621,BDC
622,BDE
623,BDGE
624,BDJ
625,BDL
626,BDN
627,BDR
628,BDSI
629,BDX
630,BDXA
631,BE
632,BEAT
633,BEBE
634,BECN
635,BEDU
636,BEL
637,BELFA
638,BELFB
639,BEN
640,BEP
641,BERY
642,BFAM
643,BFIN
644,BFIT
645,BFK
646,BFO
647,BFR
648,BFRA
649,BFS
650,BFST
651,BFY
652,BFZ
653,BG
654,BGB
655,BGCA
656,BGCP
657,BGFV
658,BGG
659,BGH
660,BGI
661,BGIO
662,BGNE
663,BGR
664,BGS
665,BGSF
666,BGT
667,BGX
668,BGY
669,BH
670,BHACR
671,BHACU
672,BHB
673,BHBK
674,BHC
675,BHE
676,BHF
677,BHFAL
678,BHGE
679,BHK
680,BHL
681,BHLB
682,BHP
683,BHR
684,BHTG
685,BHV
686,BHVN
687,BIB
688,BICK
689,BID
690,BIDU
691,BIF
692,BIG
693,BIIB
694,BILI
695,BIO
696,BIOC
697,BIOL
698,BIOS
699,BIP
700,BIS
701,BIT
702,BITA
703,BJ
704,BJRI
705,BJZ
706,BK
707,BKCC
708,BKD
709,BKE
710,BKEP
711,BKEPP
712,BKH
713,BKHU
714,BKI
715,BKJ
716,BKK
717,BKMU
718,BKN
719,BKNG
720,BKS
721,BKSC
722,BKT
723,BKTI
724,BKU
725,BKYI
726,BL
727,BLBD
728,BLCM
729,BLCN
730,BLD
731,BLDP
732,BLDR
733,BLE
734,BLFS
735,BLH
736,BLIN
737,BLJ
738,BLK
739,BLKB
740,BLL
741,BLMN
742,BLMT
743,BLNK
744,BLPH
745,BLRX
746,BLUE
747,BLVD
748,BLVDU
749,BLW
750,BLX
751,BMA
752,BMCH
753,BME
754,BMI
755,BMLP
756,BMO
757,BMRA
758,BMRC
759,BMRN
760,BMS
761,BMTC
762,BMY
763,BNCL
764,BND
765,BNDW
766,BNDX
767,BNED
768,BNFT
769,BNGO
770,BNGOU
771,BNJ
772,BNS
773,BNSO
774,BNTC
775,BNTCW
776,BNY
777,BOCH
778,BOE
779,BOFI
780,BOFIL
781,BOH
782,BOJA
783,BOKF
784,BOKFL
785,BOLD
786,BOMN
787,BOOM
788,BOOT
789,BORN
790,BOSC
791,BOTJ
792,BOTZ
793,BOX
794,BOXL
795,BP
796,BPFH
797,BPI
798,BPK
799,BPL
800,BPMC
801,BPMP
802,BPMX
803,BPOP
804,BPOPM
805,BPOPN
806,BPR
807,BPRAP
808,BPRN
809,BPT
810,BPTH
811,BPY
812,BQH
813,BR
814,BRAC
815,BRACR
816,BRACU
817,BRACW
818,BRC
819,BRCD
820,BREW
821,BRFS
822,BRG
823,BRID
824,BRKL
825,BRKR
826,BRKS
827,BRN
828,BRO
829,BRPA
830,BRPAR
831,BRPAU
832,BRPAW
833,BRQS
834,BRS
835,BRSS
836,BRT
837,BRX
838,BRY
839,BSA
840,BSAC
841,BSBR
842,BSD
843,BSE
844,BSET
845,BSFT
846,BSIG
847,BSL
848,BSM
849,BSMX
850,BSPM
851,BSQR
852,BSRR
853,BST
854,BSTC
855,BSTG
856,BSTI
857,BSX
858,BT
859,BTA
860,BTAI
861,BTE
862,BTEC
863,BTG
864,BTI
865,BTN
866,BTO
867,BTT
868,BTU
869,BTX
870,BTZ
871,BUD
872,BUI
873,BURG
874,BURL
875,BUSE
876,BV
877,BVN
878,BVNSC
879,BVSN
880,BVX
881,BVXV
882,BVXVW
883,BW
884,BWA
885,BWB
886,BWEN
887,BWFG
888,BWG
889,BWINA
890,BWINB
891,BWLD
892,BWXT
893,BX
894,BXC
895,BXE
896,BXG
897,BXMT
898,BXMX
899,BXP
900,BXS
901,BY
902,BYBK
903,BYD
904,BYFC
905,BYM
906,BYSI
907,BZH
908,BZM
909,BZUN
910,C
911,CA
912,CAA
913,CAAP
914,CAAS
915,CABO
916,CAC
917,CACC
918,CACG
919,CACI
920,CACQ
921,CADC
922,CADE
923,CAE
924,CAF
925,CAG
926,CAH
927,CAI
928,CAJ
929,CAKE
930,CAL
931,CALA
932,CALD
933,CALI
934,CALL
935,CALM
936,CALX
937,CAMP
938,CAMT
939,CANF
940,CANG
941,CAPL
942,CAPR
943,CAR
944,CARA
945,CARB
946,CARG
947,CARO
948,CARS
949,CART
950,CARV
951,CARZ
952,CASA
953,CASC
954,CASH
955,CASI
956,CASM
957,CASS
958,CASY
959,CAT
960,CATB
961,CATC
962,CATH
963,CATM
964,CATO
965,CATS
966,CATY
967,CAW
968,CB
969,CBA
970,CBAK
971,CBAN
972,CBAY
973,CBB
974,CBD
975,CBF
976,CBFV
977,CBH
978,CBIO
979,CBK
980,CBL
981,CBLI
982,CBLK
983,CBM
984,CBMG
985,CBMX
986,CBO
987,CBOE
988,CBPO
989,CBPX
990,CBRE
991,CBRL
992,CBS
993,CBSH
994,CBSHP
995,CBT
996,CBTX
997,CBU
998,CBX
999,CBZ
1000,CC
1001,CCA
1002,CCB
1003,CCBG
1004,CCC
1005,CCCL
1006,CCCR
1007,CCD
1008,CCE
1009,CCF
1010,CCI
1011,CCIH
1012,CCJ
1013,CCK
1014,CCL
1015,CCLP
1016,CCM
1017,CCMP
1018,CCNE
1019,CCNI
1020,CCO
1021,CCOI
1022,CCR
1023,CCRC
1024,CCRN
1025,CCS
1026,CCT
1027,CCU
1028,CCUR
1029,CCV
1030,CCXI
1031,CCZ
1032,CDAY
1033,CDC
1034,CDE
1035,CDEV
1036,CDK
1037,CDL
1038,CDLX
1039,CDMO
1040,CDMOP
1041,CDNA
1042,CDNS
1043,CDOR
1044,CDR
1045,CDTI
1046,CDTX
1047,CDW
1048,CDXC
1049,CDXS
1050,CDZI
1051,CE
1052,CEA
1053,CECE
1054,CECO
1055,CEE
1056,CEF
1057,CEI
1058,CEIX
1059,CEL
1060,CELC
1061,CELG
1062,CELGZ
1063,CELH
1064,CELP
1065,CEM
1066,CEMI
1067,CEN
1068,CENT
1069,CENTA
1070,CENX
1071,CEO
1072,CEPU
1073,CEQP
1074,CERC
1075,CERN
1076,CERS
1077,CERU
1078,CET
1079,CETV
1080,CETX
1081,CETXP
1082,CETXW
1083,CEV
1084,CEVA
1085,CEY
1086,CEZ
1087,CF
1088,CFA
1089,CFBI
1090,CFBK
1091,CFCO
1092,CFFI
1093,CFFN
1094,CFG
1095,CFMS
1096,CFNB
1097,CFO
1098,CFR
1099,CFRX
1100,CFX
1101,CG
1102,CGA
1103,CGBD
1104,CGC
1105,CGEN
1106,CGI
1107,CGIX
1108,CGNT
1109,CGNX
1110,CGO
1111,CGVIC
1112,CHA
1113,CHAP
1114,CHCI
1115,CHCO
1116,CHCT
1117,CHD
1118,CHDN
1119,CHE
1120,CHEF
1121,CHEK
1122,CHEKW
1123,CHEKZ
1124,CHFC
1125,CHFN
1126,CHFS
1127,CHGG
1128,CHH
1129,CHI
1130,CHK
1131,CHKE
1132,CHKP
1133,CHKR
1134,CHL
1135,CHMA
1136,CHMG
1137,CHMI
1138,CHN
1139,CHNA
1140,CHNR
1141,CHRA
1142,CHRS
1143,CHRW
1144,CHS
1145,CHSCL
1146,CHSCM
1147,CHSCN
1148,CHSCO
1149,CHSCP
1150,CHSP
1151,CHT
1152,CHTR
1153,CHU
1154,CHUBA
1155,CHUBK
1156,CHUY
1157,CHW
1158,CHY
1159,CI
1160,CIA
1161,CIB
1162,CIBR
1163,CIC
1164,CID
1165,CIDM
1166,CIEN
1167,CIF
1168,CIFS
1169,CIG
1170,CIGI
1171,CII
1172,CIK
1173,CIL
1174,CIM
1175,CINF
1176,CINR
1177,CIO
1178,CIR
1179,CISN
1180,CIT
1181,CIVB
1182,CIVBP
1183,CIVEC
1184,CIVI
1185,CIX
1186,CIZ
1187,CIZN
1188,CJ
1189,CJJD
1190,CKH
1191,CKPT
1192,CKX
1193,CL
1194,CLAR
1195,CLB
1196,CLBK
1197,CLBS
1198,CLCT
1199,CLD
1200,CLDC
1201,CLDR
1202,CLDT
1203,CLDX
1204,CLF
1205,CLFD
1206,CLGN
1207,CLGX
1208,CLH
1209,CLI
1210,CLIR
1211,CLIRW
1212,CLLS
1213,CLM
1214,CLMT
1215,CLNC
1216,CLNE
1217,CLNS
1218,CLNT
1219,CLNY
1220,CLPR
1221,CLPS
1222,CLR
1223,CLRB
1224,CLRBW
1225,CLRBZ
1226,CLRG
1227,CLRO
1228,CLS
1229,CLSD
1230,CLSN
1231,CLUB
1232,CLVS
1233,CLW
1234,CLWT
1235,CLX
1236,CLXT
1237,CM
1238,CMA
1239,CMC
1240,CMCL
1241,CMCM
1242,CMCO
1243,CMCSA
1244,CMCT
1245,CMCTP
1246,CMD
1247,CME
1248,CMFN
1249,CMFNL
1250,CMG
1251,CMI
1252,CMLS
1253,CMO
1254,CMP
1255,CMPR
1256,CMRE
1257,CMRX
1258,CMS
1259,CMSA
1260,CMSS
1261,CMSSR
1262,CMSSU
1263,CMSSW
1264,CMT
1265,CMTA
1266,CMTL
1267,CMU
1268,CNA
1269,CNAC
1270,CNACR
1271,CNACU
1272,CNACW
1273,CNAT
1274,CNBKA
1275,CNC
1276,CNCE
1277,CNCR
1278,CNDT
1279,CNET
1280,CNFR
1281,CNHI
1282,CNI
1283,CNK
1284,CNMD
1285,CNNE
1286,CNNX
1287,CNO
1288,CNOB
1289,CNP
1290,CNQ
1291,CNS
1292,CNSL
1293,CNST
1294,CNTF
1295,CNTY
1296,CNX
1297,CNXC
1298,CNXM
1299,CNXN
1300,CO
1301,COCP
1302,CODA
1303,CODI
1304,CODX
1305,COE
1306,COF
1307,COG
1308,COHN
1309,COHR
1310,COHU
1311,COKE
1312,COL
1313,COLB
1314,COLD
1315,COLL
1316,COLM
1317,COMM
1318,COMT
1319,CONE
1320,CONN
1321,COO
1322,COP
1323,COR
1324,CORE
1325,CORI
1326,CORN
1327,CORR
1328,CORT
1329,CORV
1330,COST
1331,COT
1332,COTY
1333,COUP
1334,COWN
1335,COWNL
1336,COWNZ
1337,COYN
1338,CP
1339,CPA
1340,CPAC
1341,CPAH
1342,CPB
1343,CPE
1344,CPF
1345,CPG
1346,CPHC
1347,CPHI
1348,CPIX
1349,CPK
1350,CPL
1351,CPLA
1352,CPLG
1353,CPLP
1354,CPN
1355,CPRT
1356,CPRX
1357,CPS
1358,CPSH
1359,CPSI
1360,CPSS
1361,CPST
1362,CPT
1363,CPTA
1364,CPTAG
1365,CPTAL
1366,CQP
1367,CR
1368,CRAI
1369,CRAY
1370,CRBP
1371,CRC
1372,CRCM
1373,CRDS
1374,CRDT
1375,CREE
1376,CREG
1377,CRESY
1378,CRF
1379,CRH
1380,CRHM
1381,CRI
1382,CRIS
1383,CRK
1384,CRL
1385,CRM
1386,CRMD
1387,CRMT
1388,CRNT
1389,CRNX
1390,CRON
1391,CROX
1392,CRR
1393,CRS
1394,CRSP
1395,CRT
1396,CRTO
1397,CRUS
1398,CRUSC
1399,CRVL
1400,CRVS
1401,CRWS
1402,CRY
1403,CRZO
1404,CS
1405,CSA
1406,CSB
1407,CSBK
1408,CSBR
1409,CSCO
1410,CSF
1411,CSFL
1412,CSGP
1413,CSGS
1414,CSII
1415,CSIQ
1416,CSL
1417,CSLT
1418,CSML
1419,CSOD
1420,CSPI
1421,CSQ
1422,CSS
1423,CSSE
1424,CSSEP
1425,CSTE
1426,CSTM
1427,CSTR
1428,CSU
1429,CSV
1430,CSWC
1431,CSWCL
1432,CSWI
1433,CSX
1434,CTAA
1435,CTAS
1436,CTB
1437,CTBB
1438,CTBI
1439,CTDD
1440,CTEK
1441,CTG
1442,CTHR
1443,CTIB
1444,CTIC
1445,CTL
1446,CTLT
1447,CTMX
1448,CTO
1449,CTR
1450,CTRE
1451,CTRL
1452,CTRN
1453,CTRP
1454,CTRV
1455,CTS
1456,CTSH
1457,CTSO
1458,CTT
1459,CTU
1460,CTV
1461,CTW
1462,CTWS
1463,CTXR
1464,CTXRW
1465,CTXS
1466,CTY
1467,CTZ
1468,CUB
1469,CUBA
1470,CUBE
1471,CUBI
1472,CUE
1473,CUI
1474,CUK
1475,CULP
1476,CUO
1477,CUR
1478,CURO
1479,CUTR
1480,CUZ
1481,CVA
1482,CVBF
1483,CVCO
1484,CVCY
1485,CVE
1486,CVEO
1487,CVGI
1488,CVGW
1489,CVI
1490,CVIA
1491,CVLT
1492,CVLY
1493,CVM
1494,CVNA
1495,CVON
1496,CVR
1497,CVRR
1498,CVRS
1499,CVS
1500,CVTI
1501,CVU
1502,CVV
1503,CVX
1504,CW
1505,CWAY
1506,CWBC
1507,CWBR
1508,CWCO
1509,CWH
1510,CWK
1511,CWST
1512,CWT
1513,CX
1514,CXDC
1515,CXE
1516,CXH
1517,CXO
1518,CXP
1519,CXRX
1520,CXSE
1521,CXW
1522,CY
1523,CYAD
1524,CYAN
1525,CYBE
1526,CYBR
1527,CYCC
1528,CYCCP
1529,CYD
1530,CYH
1531,CYHHZ
1532,CYOU
1533,CYRN
1534,CYRX
1535,CYRXW
1536,CYS
1537,CYTK
1538,CYTR
1539,CYTX
1540,CYTXZ
1541,CZFC
1542,CZNC
1543,CZR
1544,CZWI
1545,CZZ
1546,D
1547,DAC
1548,DAIO
1549,DAKT
1550,DAL
1551,DALI
1552,DAN
1553,DAR
1554,DARE
1555,DATA
1556,DAVA
1557,DAVE
1558,DAX
1559,DB
1560,DBC
1561,DBD
1562,DBL
1563,DBVT
1564,DBX
1565,DCAR
1566,DCF
1567,DCI
1568,DCIX
1569,DCM
1570,DCO
1571,DCOM
1572,DCP
1573,DCPH
1574,DCTH
1575,DCUD
1576,DDBI
1577,DDC
1578,DDD
1579,DDE
1580,DDF
1581,DDIV
1582,DDOC
1583,DDR
1584,DDS
1585,DDT
1586,DE
1587,DEA
1588,DECK
1589,DEI
1590,DEL
1591,DELT
1592,DENN
1593,DEO
1594,DERM
1595,DESP
1596,DEST
1597,DEX
1598,DF
1599,DFBG
1600,DFBH
1601,DFBHU
1602,DFBHW
1603,DFFN
1604,DFIN
1605,DFNL
1606,DFP
1607,DFRG
1608,DFS
1609,DFVL
1610,DFVS
1611,DG
1612,DGAS
1613,DGICA
1614,DGICB
1615,DGII
1616,DGLD
1617,DGLY
1618,DGRE
1619,DGRS
1620,DGRW
1621,DGSE
1622,DGX
1623,DHCP
1624,DHF
1625,DHI
1626,DHIL
1627,DHR
1628,DHT
1629,DHX
1630,DHXM
1631,DHY
1632,DIAX
1633,DIN
1634,DINT
1635,DIOD
1636,DIS
1637,DISCA
1638,DISCB
1639,DISCK
1640,DISH
1641,DIT
1642,DJCO
1643,DK
1644,DKL
1645,DKS
1646,DKT
1647,DL
1648,DLA
1649,DLB
1650,DLBL
1651,DLBS
1652,DLHC
1653,DLNG
1654,DLPH
1655,DLPN
1656,DLPNW
1657,DLR
1658,DLTH
1659,DLTR
1660,DLX
1661,DM
1662,DMB
1663,DMF
1664,DMLP
1665,DMO
1666,DMPI
1667,DMRC
1668,DNB
1669,DNBF
1670,DNI
1671,DNJR
1672,DNKN
1673,DNLI
1674,DNN
1675,DNOW
1676,DNP
1677,DNR
1678,DO
1679,DOC
1680,DOCU
1681,DOGZ
1682,DOMO
1683,DOOO
1684,DOOR
1685,DORM
1686,DOTA
1687,DOTAR
1688,DOTAU
1689,DOV
1690,DOVA
1691,DOX
1692,DPG
1693,DPLO
1694,DPS
1695,DPW
1696,DPZ
1697,DQ
1698,DRAD
1699,DRD
1700,DRE
1701,DRH
1702,DRI
1703,DRIO
1704,DRIOW
1705,DRIV
1706,DRNA
1707,DRQ
1708,DRRX
1709,DRUA
1710,DRYS
1711,DS
1712,DSE
1713,DSGX
1714,DSKE
1715,DSKEW
1716,DSKX
1717,DSL
1718,DSLV
1719,DSM
1720,DSPG
1721,DSS
1722,DSU
1723,DSW
1724,DSWL
1725,DSX
1726,DSXN
1727,DTE
1728,DTEA
1729,DTF
1730,DTJ
1731,DTQ
1732,DTRM
1733,DTUL
1734,DTUS
1735,DTV
1736,DTW
1737,DTY
1738,DTYL
1739,DTYS
1740,DUC
1741,DUK
1742,DUKH
1743,DUSA
1744,DVA
1745,DVAX
1746,DVCR
1747,DVD
1748,DVLU
1749,DVMT
1750,DVN
1751,DVOL
1752,DVY
1753,DWAQ
1754,DWAS
1755,DWAT
1756,DWCH
1757,DWCR
1758,DWDP
1759,DWFI
1760,DWIN
1761,DWLD
1762,DWLV
1763,DWMC
1764,DWPP
1765,DWSH
1766,DWSN
1767,DWTR
1768,DX
1769,DXB
1770,DXC
1771,DXCM
1772,DXF
1773,DXGE
1774,DXJS
1775,DXLG
1776,DXPE
1777,DXR
1778,DXYN
1779,DY
1780,DYNC
1781,DYNT
1782,DYSL
1783,DZSI
1784,E
1785,EA
1786,EAB
1787,EACQ
1788,EACQU
1789,EAD
1790,EAE
1791,EAF
1792,EAGL
1793,EAGLU
1794,EAGLW
1795,EAI
1796,EARN
1797,EARS
1798,EAST
1799,EAT
1800,EBAY
1801,EBAYL
1802,EBF
1803,EBIO
1804,EBIX
1805,EBMT
1806,EBR
1807,EBS
1808,EBSB
1809,EBTC
1810,EC
1811,ECA
1812,ECC
1813,ECCA
1814,ECCB
1815,ECCX
1816,ECCY
1817,ECF
1818,ECHO
1819,ECL
1820,ECOL
1821,ECOM
1822,ECOR
1823,ECPG
1824,ECR
1825,ECT
1826,ECYT
1827,ED
1828,EDAP
1829,EDBI
1830,EDD
1831,EDF
1832,EDGE
1833,EDGW
1834,EDI
1835,EDIT
1836,EDN
1837,EDNT
1838,EDRY
1839,EDU
1840,EDUC
1841,EE
1842,EEA
1843,EEFT
1844,EEI
1845,EEMA
1846,EEP
1847,EEQ
1848,EEX
1849,EFAS
1850,EFBI
1851,EFC
1852,EFF
1853,EFII
1854,EFL
1855,EFOI
1856,EFR
1857,EFSC
1858,EFT
1859,EFX
1860,EGAN
1861,EGBN
1862,EGC
1863,EGF
1864,EGHT
1865,EGI
1866,EGIF
1867,EGL
1868,EGLE
1869,EGLT
1870,EGN
1871,EGO
1872,EGOV
1873,EGP
1874,EGRX
1875,EGY
1876,EHC
1877,EHI
1878,EHIC
1879,EHT
1880,EHTH
1881,EIA
1882,EIDX
1883,EIG
1884,EIGI
1885,EIGR
1886,EIM
1887,EIO
1888,EIP
1889,EIV
1890,EIX
1891,EKSO
1892,EL
1893,ELC
1894,ELF
1895,ELGX
1896,ELJ
1897,ELLI
1898,ELLO
1899,ELMD
1900,ELON
1901,ELOX
1902,ELP
1903,ELS
1904,ELSE
1905,ELTK
1906,ELU
1907,ELVT
1908,ELY
1909,EMAN
1910,EMB
1911,EMCB
1912,EMCF
1913,EMCG
1914,EMCI
1915,EMD
1916,EME
1917,EMES
1918,EMF
1919,EMI
1920,EMIF
1921,EMITF
1922,EMJ
1923,EMKR
1924,EML
1925,EMMS
1926,EMN
1927,EMO
1928,EMP
1929,EMR
1930,EMX
1931,EMXC
1932,ENB
1933,ENBA
1934,ENBL
1935,ENDP
1936,ENFC
1937,ENG
1938,ENIA
1939,ENIC
1940,ENJ
1941,ENLC
1942,ENLK
1943,ENO
1944,ENOC
1945,ENPH
1946,ENR
1947,ENS
1948,ENSG
1949,ENSV
1950,ENT
1951,ENTA
1952,ENTG
1953,ENTX
1954,ENTXW
1955,ENV
1956,ENVA
1957,ENX
1958,ENZ
1959,ENZL
1960,EOCC
1961,EOD
1962,EOG
1963,EOI
1964,EOLS
1965,EOS
1966,EOT
1967,EPAM
1968,EPAY
1969,EPC
1970,EPD
1971,EPE
1972,EPIX
1973,EPM
1974,EPR
1975,EPRT
1976,EPZM
1977,EQBK
1978,EQC
1979,EQCO
1980,EQFN
1981,EQGP
1982,EQH
1983,EQIX
1984,EQM
1985,EQNR
1986,EQR
1987,EQRR
1988,EQS
1989,EQT
1990,ERA
1991,ERC
1992,ERF
1993,ERH
1994,ERI
1995,ERIC
1996,ERIE
1997,ERII
1998,ERJ
1999,EROS
2000,ERYP
2001,ES
2002,ESBK
2003,ESCA
2004,ESE
2005,ESEA
2006,ESES
2007,ESG
2008,ESGD
2009,ESGE
2010,ESGG
2011,ESGR
2012,ESGRP
2013,ESGU
2014,ESIO
2015,ESL
2016,ESLT
2017,ESMC
2018,ESNC
2019,ESND
2020,ESNT
2021,ESP
2022,ESPR
2023,ESQ
2024,ESRT
2025,ESRX
2026,ESS
2027,ESSA
2028,ESTA
2029,ESTE
2030,ESTR
2031,ESTRW
2032,ESV
2033,ESXB
2034,ETB
2035,ETFC
2036,ETG
2037,ETH
2038,ETJ
2039,ETM
2040,ETN
2041,ETO
2042,ETR
2043,ETSY
2044,ETV
2045,ETW
2046,ETX
2047,ETY
2048,EUFN
2049,EURN
2050,EV
2051,EVA
2052,EVBG
2053,EVBN
2054,EVC
2055,EVER
2056,EVF
2057,EVFM
2058,EVFTC
2059,EVG
2060,EVGBC
2061,EVGN
2062,EVH
2063,EVI
2064,EVJ
2065,EVK
2066,EVLMC
2067,EVLO
2068,EVLV
2069,EVM
2070,EVN
2071,EVO
2072,EVOK
2073,EVOL
2074,EVOP
2075,EVP
2076,EVR
2077,EVRG
2078,EVRI
2079,EVSTC
2080,EVT
2081,EVTC
2082,EVV
2083,EVY
2084,EW
2085,EWBC
2086,EWZS
2087,EXAS
2088,EXC
2089,EXD
2090,EXEL
2091,EXFO
2092,EXG
2093,EXK
2094,EXLS
2095,EXP
2096,EXPD
2097,EXPE
2098,EXPI
2099,EXPO
2100,EXPR
2101,EXR
2102,EXTN
2103,EXTR
2104,EYE
2105,EYEG
2106,EYEN
2107,EYES
2108,EYPT
2109,EZPW
2110,EZT
2111,F
2112,FAAR
2113,FAB
2114,FAD
2115,FAF
2116,FALC
2117,FALN
2118,FAM
2119,FAMI
2120,FANG
2121,FANH
2122,FARM
2123,FARO
2124,FAST
2125,FAT
2126,FATE
2127,FAX
2128,FB
2129,FBC
2130,FBHS
2131,FBIO
2132,FBIOP
2133,FBIZ
2134,FBK
2135,FBM
2136,FBMS
2137,FBNC
2138,FBP
2139,FBR
2140,FBSS
2141,FBZ
2142,FC
2143,FCA
2144,FCAL
2145,FCAN
2146,FCAP
2147,FCAU
2148,FCB
2149,FCBC
2150,FCBP
2151,FCCO
2152,FCCY
2153,FCEF
2154,FCEL
2155,FCF
2156,FCFS
2157,FCN
2158,FCNCA
2159,FCO
2160,FCPT
2161,FCSC
2162,FCT
2163,FCVT
2164,FCX
2165,FDBC
2166,FDC
2167,FDEF
2168,FDEU
2169,FDIV
2170,FDP
2171,FDS
2172,FDT
2173,FDTS
2174,FDUS
2175,FDUSL
2176,FDX
2177,FE
2178,FEDU
2179,FEI
2180,FEIM
2181,FELE
2182,FELP
2183,FEM
2184,FEMB
2185,FEMS
2186,FEN
2187,FENC
2188,FENG
2189,FEO
2190,FEP
2191,FET
2192,FEUZ
2193,FEX
2194,FEYE
2195,FF
2196,FFA
2197,FFBC
2198,FFBW
2199,FFC
2200,FFG
2201,FFHL
2202,FFIC
2203,FFIN
2204,FFIV
2205,FFNW
2206,FFWM
2207,FG
2208,FGB
2209,FGBI
2210,FGEN
2211,FGM
2212,FGP
2213,FHB
2214,FHK
2215,FHN
2216,FI
2217,FIBK
2218,FICO
2219,FID
2220,FIF
2221,FII
2222,FINX
2223,FIS
2224,FISI
2225,FISV
2226,FIT
2227,FITB
2228,FITBI
2229,FIV
2230,FIVE
2231,FIVN
2232,FIX
2233,FIXD
2234,FIXX
2235,FIZZ
2236,FJP
2237,FKO
2238,FKU
2239,FL
2240,FLAG
2241,FLAT
2242,FLC
2243,FLDM
2244,FLEX
2245,FLGT
2246,FLIC
2247,FLIR
2248,FLKS
2249,FLL
2250,FLMN
2251,FLN
2252,FLNT
2253,FLO
2254,FLOW
2255,FLR
2256,FLS
2257,FLT
2258,FLWS
2259,FLXN
2260,FLXS
2261,FLY
2262,FMAO
2263,FMB
2264,FMBH
2265,FMBI
2266,FMC
2267,FMCI
2268,FMCIU
2269,FMHI
2270,FMK
2271,FMN
2272,FMNB
2273,FMO
2274,FMS
2275,FMX
2276,FMY
2277,FN
2278,FNB
2279,FNCB
2280,FNCX
2281,FND
2282,FNF
2283,FNHC
2284,FNJN
2285,FNK
2286,FNKO
2287,FNLC
2288,FNSR
2289,FNV
2290,FNWB
2291,FNX
2292,FNY
2293,FOANC
2294,FOCS
2295,FOE
2296,FOF
2297,FOLD
2298,FOMX
2299,FONE
2300,FONR
2301,FOR
2302,FORD
2303,FORK
2304,FORM
2305,FORR
2306,FORTY
2307,FOSL
2308,FOX
2309,FOXA
2310,FOXF
2311,FPA
2312,FPAC
2313,FPAY
2314,FPF
2315,FPH
2316,FPI
2317,FPL
2318,FPRX
2319,FPT
2320,FPXI
2321,FR
2322,FRA
2323,FRAC
2324,FRAN
2325,FRBA
2326,FRBK
2327,FRC
2328,FRD
2329,FRED
2330,FRGI
2331,FRME
2332,FRO
2333,FRPH
2334,FRPT
2335,FRSH
2336,FRSX
2337,FRT
2338,FRTA
2339,FSAC
2340,FSACU
2341,FSACW
2342,FSAM
2343,FSB
2344,FSBC
2345,FSBK
2346,FSBW
2347,FSCT
2348,FSD
2349,FSFG
2350,FSFR
2351,FSI
2352,FSIC
2353,FSLR
2354,FSM
2355,FSNN
2356,FSP
2357,FSS
2358,FSTR
2359,FSV
2360,FSZ
2361,FT
2362,FTA
2363,FTAG
2364,FTAI
2365,FTC
2366,FTCS
2367,FTD
2368,FTDRV
2369,FTEK
2370,FTEO
2371,FTF
2372,FTFT
2373,FTGC
2374,FTHI
2375,FTI
2376,FTK
2377,FTLB
2378,FTNT
2379,FTNW
2380,FTR
2381,FTRI
2382,FTRPR
2383,FTS
2384,FTSI
2385,FTSL
2386,FTSM
2387,FTSV
2388,FTV
2389,FTW
2390,FTXD
2391,FTXG
2392,FTXH
2393,FTXL
2394,FTXN
2395,FTXO
2396,FTXR
2397,FUEL
2398,FUL
2399,FULLL
2400,FULT
2401,FUN
2402,FUNC
2403,FUND
2404,FUSB
2405,FUV
2406,FV
2407,FVC
2408,FVCB
2409,FVE
2410,FWONA
2411,FWONK
2412,FWP
2413,FWRD
2414,FYC
2415,FYT
2416,FYX
2417,G
2418,GAB
2419,GABC
2420,GAIA
2421,GAIN
2422,GAINL
2423,GAINM
2424,GAINN
2425,GAINO
2426,GALT
2427,GAM
2428,GARS
2429,GASS
2430,GATX
2431,GBAB
2432,GBCI
2433,GBDC
2434,GBL
2435,GBLI
2436,GBLIL
2437,GBLIZ
2438,GBLK
2439,GBNK
2440,GBR
2441,GBSN
2442,GBT
2443,GBX
2444,GCAP
2445,GCBC
2446,GCI
2447,GCO
2448,GCP
2449,GCV
2450,GCVRZ
2451,GD
2452,GDDY
2453,GDEN
2454,GDI
2455,GDL
2456,GDO
2457,GDOT
2458,GDP
2459,GDS
2460,GDV
2461,GE
2462,GEC
2463,GECC
2464,GECCL
2465,GECCM
2466,GEF
2467,GEH
2468,GEL
2469,GEMP
2470,GEN
2471,GENC
2472,GENE
2473,GENY
2474,GEO
2475,GEOS
2476,GER
2477,GERN
2478,GES
2479,GEVO
2480,GF
2481,GFA
2482,GFED
2483,GFF
2484,GFI
2485,GFN
2486,GFNCP
2487,GFNSL
2488,GFY
2489,GG
2490,GGAL
2491,GGB
2492,GGG
2493,GGM
2494,GGN
2495,GGO
2496,GGT
2497,GGZ
2498,GHC
2499,GHDX
2500,GHG
2501,GHL
2502,GHM
2503,GHY
2504,GIB
2505,GIFI
2506,GIG
2507,GIGA
2508,GIGM
2509,GIII
2510,GIL
2511,GILD
2512,GILT
2513,GIM
2514,GIS
2515,GJH
2516,GJO
2517,GJP
2518,GJR
2519,GJS
2520,GJT
2521,GJV
2522,GKOS
2523,GLA
2524,GLAC
2525,GLACR
2526,GLACU
2527,GLACW
2528,GLAD
2529,GLADN
2530,GLBS
2531,GLBZ
2532,GLD
2533,GLDD
2534,GLDI
2535,GLF
2536,GLG
2537,GLIBA
2538,GLIBP
2539,GLMD
2540,GLNG
2541,GLO
2542,GLOB
2543,GLOG
2544,GLOP
2545,GLOW
2546,GLP
2547,GLPG
2548,GLPI
2549,GLQ
2550,GLRE
2551,GLRI
2552,GLT
2553,GLU
2554,GLUU
2555,GLV
2556,GLW
2557,GLYC
2558,GM
2559,GME
2560,GMED
2561,GMLP
2562,GMLPP
2563,GMO
2564,GMRE
2565,GMS
2566,GMTA
2567,GMZ
2568,GNBC
2569,GNC
2570,GNCA
2571,GNCMA
2572,GNE
2573,GNK
2574,GNL
2575,GNMA
2576,GNMK
2577,GNMX
2578,GNPX
2579,GNRC
2580,GNRX
2581,GNT
2582,GNTX
2583,GNTY
2584,GNUS
2585,GNW
2586,GOF
2587,GOGL
2588,GOGO
2589,GOL
2590,GOLD
2591,GOLF
2592,GOOD
2593,GOODM
2594,GOODO
2595,GOODP
2596,GOOG
2597,GOOGL
2598,GOOS
2599,GORO
2600,GOV
2601,GOVNI
2602,GPAC
2603,GPAQ
2604,GPAQU
2605,GPAQW
2606,GPC
2607,GPI
2608,GPIC
2609,GPJA
2610,GPK
2611,GPL
2612,GPM
2613,GPMT
2614,GPN
2615,GPOR
2616,GPP
2617,GPRE
2618,GPRK
2619,GPRO
2620,GPS
2621,GPX
2622,GRA
2623,GRAM
2624,GRBIC
2625,GRBK
2626,GRC
2627,GRF
2628,GRFS
2629,GRID
2630,GRIF
2631,GRIN
2632,GRMN
2633,GRNQ
2634,GROW
2635,GRPN
2636,GRSHU
2637,GRUB
2638,GRVY
2639,GRX
2640,GS
2641,GSAH
2642,GSAT
2643,GSB
2644,GSBC
2645,GSBD
2646,GSH
2647,GSHD
2648,GSHT
2649,GSHTU
2650,GSIT
2651,GSK
2652,GSKY
2653,GSL
2654,GSM
2655,GSS
2656,GSUM
2657,GSV
2658,GSVC
2659,GT
2660,GTE
2661,GTES
2662,GTHX
2663,GTIM
2664,GTLS
2665,GTN
2666,GTS
2667,GTT
2668,GTWN
2669,GTXI
2670,GTY
2671,GTYH
2672,GTYHU
2673,GTYHW
2674,GULF
2675,GURE
2676,GUT
2677,GV
2678,GVA
2679,GVP
2680,GWB
2681,GWGH
2682,GWPH
2683,GWR
2684,GWRE
2685,GWRS
2686,GWW
2687,GYB
2688,GYC
2689,GYRO
2690,GZT
2691,H
2692,HA
2693,HABT
2694,HAE
2695,HAFC
2696,HAIN
2697,HAIR
2698,HAL
2699,HALL
2700,HALO
2701,HAS
2702,HASI
2703,HAWK
2704,HAYN
2705,HBAN
2706,HBANN
2707,HBANO
2708,HBB
2709,HBCP
2710,HBI
2711,HBIO
2712,HBK
2713,HBM
2714,HBMD
2715,HBNC
2716,HBP
2717,HCA
2718,HCAP
2719,HCAPZ
2720,HCC
2721,HCCH
2722,HCCHR
2723,HCCHU
2724,HCCHW
2725,HCCI
2726,HCFT
2727,HCHC
2728,HCI
2729,HCKT
2730,HCLP
2731,HCM
2732,HCP
2733,HCSG
2734,HCXZ
2735,HD
2736,HDB
2737,HDP
2738,HDS
2739,HDSN
2740,HE
2741,HEAR
2742,HEB
2743,HEBT
2744,HEES
2745,HEI
2746,HELE
2747,HEP
2748,HEQ
2749,HES
2750,HESM
2751,HEWG
2752,HF
2753,HFBC
2754,HFBL
2755,HFC
2756,HFFG
2757,HFGIC
2758,HFRO
2759,HFWA
2760,HGH
2761,HGSH
2762,HGV
2763,HHC
2764,HHS
2765,HI
2766,HIBB
2767,HIE
2768,HIFR
2769,HIFS
2770,HIG
2771,HIHO
2772,HII
2773,HIIQ
2774,HIL
2775,HIMX
2776,HIO
2777,HIVE
2778,HIW
2779,HIX
2780,HJLI
2781,HJLIW
2782,HJV
2783,HK
2784,HL
2785,HLF
2786,HLG
2787,HLI
2788,HLIT
2789,HLNE
2790,HLT
2791,HLTH
2792,HLX
2793,HMC
2794,HMG
2795,HMHC
2796,HMI
2797,HMLP
2798,HMN
2799,HMNF
2800,HMNY
2801,HMST
2802,HMSY
2803,HMTA
2804,HMTV
2805,HMY
2806,HNDL
2807,HNGR
2808,HNI
2809,HNNA
2810,HNP
2811,HNRG
2812,HNW
2813,HOFT
2814,HOG
2815,HOLI
2816,HOLX
2817,HOMB
2818,HOME
2819,HON
2820,HONE
2821,HOPE
2822,HOS
2823,HOTR
2824,HOV
2825,HOVNP
2826,HP
2827,HPE
2828,HPF
2829,HPI
2830,HPJ
2831,HPP
2832,HPQ
2833,HPR
2834,HPS
2835,HPT
2836,HQCL
2837,HQH
2838,HQL
2839,HQY
2840,HR
2841,HRB
2842,HRC
2843,HRI
2844,HRL
2845,HRS
2846,HRTG
2847,HRTX
2848,HRZN
2849,HSBC
2850,HSC
2851,HSDT
2852,HSGX
2853,HSIC
2854,HSII
2855,HSKA
2856,HSON
2857,HST
2858,HSTM
2859,HSY
2860,HT
2861,HTA
2862,HTBI
2863,HTBK
2864,HTBX
2865,HTD
2866,HTFA
2867,HTGC
2868,HTGM
2869,HTGX
2870,HTH
2871,HTHT
2872,HTLD
2873,HTLF
2874,HTY
2875,HTZ
2876,HUBB
2877,HUBG
2878,HUBS
2879,HUD
2880,HUM
2881,HUN
2882,HUNT
2883,HUNTU
2884,HUNTW
2885,HURC
2886,HURN
2887,HUSA
2888,HUYA
2889,HVBC
2890,HVT
2891,HWBK
2892,HWC
2893,HWCC
2894,HWCPL
2895,HWKN
2896,HX
2897,HXL
2898,HY
2899,HYAC
2900,HYACU
2901,HYACW
2902,HYB
2903,HYGS
2904,HYH
2905,HYI
2906,HYLS
2907,HYND
2908,HYRE
2909,HYT
2910,HYXE
2911,HYZD
2912,HZN
2913,HZNP
2914,HZO
2915,I
2916,IAC
2917,IAE
2918,IAF
2919,IAG
2920,IAM
2921,IAMXR
2922,IART
2923,IBA
2924,IBB
2925,IBCP
2926,IBIO
2927,IBKC
2928,IBKCO
2929,IBKCP
2930,IBKR
2931,IBM
2932,IBN
2933,IBO
2934,IBOC
2935,IBP
2936,IBTX
2937,IBUY
2938,ICAD
2939,ICBK
2940,ICCC
2941,ICCH
2942,ICD
2943,ICE
2944,ICFI
2945,ICHR
2946,ICL
2947,ICLK
2948,ICLN
2949,ICLR
2950,ICON
2951,ICPT
2952,ICUI
2953,IDA
2954,IDCC
2955,IDE
2956,IDLB
2957,IDN
2958,IDRA
2959,IDSA
2960,IDSY
2961,IDT
2962,IDTI
2963,IDXG
2964,IDXX
2965,IEA
2966,IEAWW
2967,IEC
2968,IEF
2969,IEI
2970,IEP
2971,IESC
2972,IEUS
2973,IEX
2974,IFEU
2975,IFF
2976,IFGL
2977,IFMK
2978,IFN
2979,IFRX
2980,IFV
2981,IGA
2982,IGC
2983,IGD
2984,IGF
2985,IGI
2986,IGIB
2987,IGLD
2988,IGOV
2989,IGR
2990,IGSB
2991,IGT
2992,IHC
2993,IHD
2994,IHG
2995,IHIT
2996,IHT
2997,IHTA
2998,IID
2999,IIF
3000,III
3001,IIIN
3002,IIIV
3003,IIJI
3004,IIM
3005,IIN
3006,IIPR
3007,IIVI
3008,IJT
3009,IKNX
3010,ILMN
3011,ILPT
3012,IMAX
3013,IMDZ
3014,IMED
3015,IMGN
3016,IMH
3017,IMI
3018,IMKTA
3019,IMMP
3020,IMMR
3021,IMMU
3022,IMMY
3023,IMO
3024,IMOS
3025,IMPV
3026,IMRN
3027,IMRNW
3028,IMTE
3029,IMUC
3030,IMV
3031,IMXI
3032,IMXIW
3033,INAP
3034,INB
3035,INBK
3036,INBKL
3037,INCR
3038,INCY
3039,INDB
3040,INDU
3041,INDUU
3042,INDY
3043,INF
3044,INFI
3045,INFN
3046,INFO
3047,INFR
3048,INFU
3049,INFY
3050,ING
3051,INGN
3052,INGR
3053,INN
3054,INNL
3055,INNT
3056,INO
3057,INOD
3058,INOV
3059,INPX
3060,INS
3061,INSE
3062,INSG
3063,INSI
3064,INSM
3065,INSP
3066,INST
3067,INSW
3068,INSY
3069,INT
3070,INTC
3071,INTG
3072,INTL
3073,INTT
3074,INTU
3075,INTX
3076,INUV
3077,INVA
3078,INVE
3079,INVH
3080,INVT
3081,INWK
3082,INXN
3083,IO
3084,IONS
3085,IOR
3086,IOSP
3087,IOT
3088,IOTS
3089,IOVA
3090,IP
3091,IPAR
3092,IPAS
3093,IPB
3094,IPCC
3095,IPCI
3096,IPDN
3097,IPG
3098,IPGP
3099,IPHI
3100,IPHS
3101,IPI
3102,IPIC
3103,IPKW
3104,IPOA
3105,IPWR
3106,IQ
3107,IQI
3108,IQV
3109,IR
3110,IRBT
3111,IRCP
3112,IRDM
3113,IRDMB
3114,IRET
3115,IRIX
3116,IRL
3117,IRM
3118,IRMD
3119,IROQ
3120,IRR
3121,IRS
3122,IRT
3123,IRTC
3124,IRWD
3125,ISBC
3126,ISCA
3127,ISD
3128,ISDR
3129,ISDS
3130,ISDX
3131,ISEM
3132,ISF
3133,ISG
3134,ISHG
3135,ISIG
3136,ISM
3137,ISNS
3138,ISR
3139,ISRG
3140,ISRL
3141,ISSC
3142,ISTB
3143,ISTR
3144,IT
3145,ITCB
3146,ITCI
3147,ITEQ
3148,ITG
3149,ITGR
3150,ITI
3151,ITIC
3152,ITP
3153,ITRI
3154,ITRM
3155,ITRN
3156,ITT
3157,ITUB
3158,ITW
3159,IUS
3160,IUSB
3161,IUSG
3162,IUSS
3163,IUSV
3164,IVAC
3165,IVC
3166,IVFGC
3167,IVFVC
3168,IVH
3169,IVR
3170,IVTY
3171,IVZ
3172,IWM
3173,IX
3174,IXUS
3175,IXYS
3176,IZEA
3177,JACK
3178,JAG
3179,JAGX
3180,JAKK
3181,JASN
3182,JASNW
3183,JASO
3184,JAX
3185,JAZZ
3186,JBGS
3187,JBHT
3188,JBK
3189,JBL
3190,JBLU
3191,JBN
3192,JBR
3193,JBSS
3194,JBT
3195,JCAP
3196,JCE
3197,JCI
3198,JCO
3199,JCOM
3200,JCP
3201,JCS
3202,JCTCF
3203,JD
3204,JDD
3205,JE
3206,JEC
3207,JEF
3208,JELD
3209,JEMD
3210,JEQ
3211,JFR
3212,JG
3213,JGH
3214,JHA
3215,JHB
3216,JHD
3217,JHG
3218,JHI
3219,JHS
3220,JHX
3221,JHY
3222,JILL
3223,JIVE
3224,JJSF
3225,JKHY
3226,JKI
3227,JKS
3228,JLL
3229,JLS
3230,JMBA
3231,JMEI
3232,JMF
3233,JMLP
3234,JMM
3235,JMP
3236,JMPB
3237,JMPD
3238,JMT
3239,JMU
3240,JNCE
3241,JNJ
3242,JNP
3243,JNPR
3244,JO
3245,JOB
3246,JOBS
3247,JOE
3248,JOF
3249,JONE
3250,JOUT
3251,JP
3252,JPC
3253,JPI
3254,JPM
3255,JPS
3256,JPT
3257,JPW
3258,JQC
3259,JRI
3260,JRJC
3261,JRJR
3262,JRO
3263,JRS
3264,JRSH
3265,JRVR
3266,JSD
3267,JSM
3268,JSMD
3269,JSML
3270,JSYN
3271,JSYNR
3272,JSYNU
3273,JSYNW
3274,JT
3275,JTA
3276,JTD
3277,JTPY
3278,JVA
3279,JWN
3280,JYNT
3281,K
3282,KAAC
3283,KAACU
3284,KAI
3285,KALA
3286,KALU
3287,KALV
3288,KAMN
3289,KANG
3290,KAP
3291,KAR
3292,KB
3293,KBAL
3294,KBH
3295,KBLM
3296,KBLMR
3297,KBLMU
3298,KBLMW
3299,KBR
3300,KBSF
3301,KBWB
3302,KBWD
3303,KBWP
3304,KBWR
3305,KBWY
3306,KCAP
3307,KCAPL
3308,KCG
3309,KDMN
3310,KDP
3311,KE
3312,KEF
3313,KEG
3314,KELYA
3315,KELYB
3316,KEM
3317,KEN
3318,KEP
3319,KEQU
3320,KERX
3321,KEX
3322,KEY
3323,KEYS
3324,KEYW
3325,KF
3326,KFFB
3327,KFRC
3328,KFS
3329,KFY
3330,KGC
3331,KGJI
3332,KHC
3333,KIDS
3334,KIM
3335,KIN
3336,KINS
3337,KIO
3338,KIQ
3339,KIRK
3340,KITE
3341,KKR
3342,KL
3343,KLAC
3344,KLIC
3345,KLXE
3346,KLXI
3347,KMB
3348,KMDA
3349,KMF
3350,KMG
3351,KMI
3352,KMM
3353,KMPA
3354,KMPH
3355,KMPR
3356,KMT
3357,KMX
3358,KN
3359,KNDI
3360,KNL
3361,KNOP
3362,KNSA
3363,KNSL
3364,KNX
3365,KO
3366,KODK
3367,KOF
3368,KONA
3369,KONE
3370,KOOL
3371,KOP
3372,KOPN
3373,KORS
3374,KOS
3375,KOSS
3376,KPTI
3377,KR
3378,KRA
3379,KRC
3380,KREF
3381,KRG
3382,KRMA
3383,KRNT
3384,KRNY
3385,KRO
3386,KRP
3387,KRYS
3388,KS
3389,KSM
3390,KSS
3391,KST
3392,KSU
3393,KT
3394,KTCC
3395,KTF
3396,KTH
3397,KTN
3398,KTOS
3399,KTOV
3400,KTOVW
3401,KTP
3402,KTWO
3403,KURA
3404,KVHI
3405,KW
3406,KWEB
3407,KWN
3408,KWR
3409,KYE
3410,KYN
3411,KZIA
3412,KZR
3413,L
3414,LABL
3415,LAC
3416,LACQ
3417,LACQU
3418,LACQW
3419,LAD
3420,LADR
3421,LAKE
3422,LALT
3423,LAMR
3424,LANC
3425,LAND
3426,LANDP
3427,LAQ
3428,LARK
3429,LASR
3430,LAUR
3431,LAWS
3432,LAZ
3433,LAZY
3434,LB
3435,LBAI
3436,LBC
3437,LBIX
3438,LBRDA
3439,LBRDK
3440,LBRT
3441,LBTYA
3442,LBTYB
3443,LBTYK
3444,LBY
3445,LC
3446,LCA
3447,LCAHU
3448,LCI
3449,LCII
3450,LCM
3451,LCNB
3452,LCUT
3453,LDF
3454,LDL
3455,LDOS
3456,LDP
3457,LDRI
3458,LE
3459,LEA
3460,LEAF
3461,LECO
3462,LEDS
3463,LEE
3464,LEG
3465,LEGR
3466,LEJU
3467,LEN
3468,LENS
3469,LEO
3470,LEU
3471,LEVB
3472,LEVL
3473,LEXEA
3474,LEXEB
3475,LFAC
3476,LFACU
3477,LFACW
3478,LFC
3479,LFUS
3480,LFVN
3481,LGC
3482,LGCY
3483,LGCYO
3484,LGCYP
3485,LGI
3486,LGIH
3487,LGL
3488,LGND
3489,LH
3490,LHC
3491,LHCG
3492,LHO
3493,LIFE
3494,LII
3495,LILA
3496,LILAK
3497,LINC
3498,LIND
3499,LINDW
3500,LINK
3501,LION
3502,LIQT
3503,LITB
3504,LITE
3505,LIVE
3506,LIVN
3507,LIVX
3508,LJPC
3509,LKCO
3510,LKFN
3511,LKM
3512,LKOR
3513,LKQ
3514,LKSD
3515,LL
3516,LLEX
3517,LLIT
3518,LLL
3519,LLNW
3520,LLY
3521,LM
3522,LMAT
3523,LMB
3524,LMBS
3525,LMFA
3526,LMFAW
3527,LMHA
3528,LMHB
3529,LMNR
3530,LMNX
3531,LMRK
3532,LMRKN
3533,LMRKO
3534,LMRKP
3535,LMST
3536,LMT
3537,LN
3538,LNC
3539,LND
3540,LNDC
3541,LNG
3542,LNGR
3543,LNN
3544,LNT
3545,LNTH
3546,LOACU
3547,LOAN
3548,LOB
3549,LOCO
3550,LODE
3551,LOGI
3552,LOGM
3553,LOMA
3554,LONE
3555,LOOP
3556,LOPE
3557,LOR
3558,LORL
3559,LOV
3560,LOVE
3561,LOW
3562,LOXO
3563,LPCN
3564,LPG
3565,LPI
3566,LPL
3567,LPLA
3568,LPNT
3569,LPSN
3570,LPT
3571,LPTH
3572,LPTX
3573,LPX
3574,LQ
3575,LQDA
3576,LQDT
3577,LRAD
3578,LRCX
3579,LRGE
3580,LRN
3581,LSBK
3582,LSCC
3583,LSI
3584,LSTR
3585,LSXMA
3586,LSXMB
3587,LSXMK
3588,LTBR
3589,LTC
3590,LTEA
3591,LTM
3592,LTN
3593,LTRPA
3594,LTRPB
3595,LTRX
3596,LTS
3597,LTSF
3598,LTSK
3599,LTSL
3600,LTXB
3601,LUB
3602,LUK
3603,LULU
3604,LUNA
3605,LUV
3606,LUX
3607,LVHD
3608,LVLT
3609,LVNTB
3610,LVS
3611,LW
3612,LWAY
3613,LX
3614,LXFR
3615,LXFT
3616,LXP
3617,LXRX
3618,LXU
3619,LYB
3620,LYG
3621,LYL
3622,LYTS
3623,LYV
3624,LZB
3625,M
3626,MA
3627,MAA
3628,MAB
3629,MAC
3630,MACK
3631,MAG
3632,MAGS
3633,MAIN
3634,MAMS
3635,MAN
3636,MANH
3637,MANT
3638,MANU
3639,MAR
3640,MARA
3641,MARK
3642,MARPS
3643,MAS
3644,MASI
3645,MAT
3646,MATN
3647,MATW
3648,MATX
3649,MAV
3650,MAXR
3651,MAYS
3652,MB
3653,MBB
3654,MBCN
3655,MBFI
3656,MBFIO
3657,MBI
3658,MBII
3659,MBIN
3660,MBIO
3661,MBNAA
3662,MBNAB
3663,MBOT
3664,MBRX
3665,MBSD
3666,MBT
3667,MBTF
3668,MBUU
3669,MBVT
3670,MBVX
3671,MBWM
3672,MC
3673,MCA
3674,MCB
3675,MCBC
3676,MCC
3677,MCD
3678,MCEF
3679,MCEP
3680,MCF
3681,MCFT
3682,MCHI
3683,MCHP
3684,MCHX
3685,MCI
3686,MCK
3687,MCN
3688,MCO
3689,MCR
3690,MCRB
3691,MCRI
3692,MCRN
3693,MCS
3694,MCV
3695,MCX
3696,MCY
3697,MD
3698,MDB
3699,MDC
3700,MDCA
3701,MDCO
3702,MDGL
3703,MDGS
3704,MDGSW
3705,MDIV
3706,MDLQ
3707,MDLX
3708,MDLY
3709,MDLZ
3710,MDP
3711,MDR
3712,MDRX
3713,MDSO
3714,MDSY
3715,MDT
3716,MDU
3717,MDVX
3718,MDWD
3719,MDXG
3720,MED
3721,MEDP
3722,MEET
3723,MEI
3724,MEIP
3725,MELI
3726,MELR
3727,MEN
3728,MEOH
3729,MERC
3730,MESA
3731,MESO
3732,MET
3733,METC
3734,MFA
3735,MFC
3736,MFCB
3737,MFD
3738,MFG
3739,MFGP
3740,MFIN
3741,MFINL
3742,MFL
3743,MFM
3744,MFNC
3745,MFO
3746,MFSF
3747,MFT
3748,MFV
3749,MG
3750,MGA
3751,MGCD
3752,MGEE
3753,MGEN
3754,MGF
3755,MGI
3756,MGIC
3757,MGLN
3758,MGM
3759,MGNX
3760,MGP
3761,MGPI
3762,MGRC
3763,MGTA
3764,MGTX
3765,MGU
3766,MGY
3767,MGYR
3768,MHD
3769,MHE
3770,MHF
3771,MHH
3772,MHI
3773,MHK
3774,MHLA
3775,MHLD
3776,MHN
3777,MHNC
3778,MHO
3779,MIC
3780,MICR
3781,MICT
3782,MICTW
3783,MIDD
3784,MIE
3785,MIII
3786,MIIIU
3787,MIK
3788,MILN
3789,MIME
3790,MIN
3791,MIND
3792,MINDP
3793,MINI
3794,MITK
3795,MITL
3796,MITT
3797,MIW
3798,MIXT
3799,MIY
3800,MJCO
3801,MKC
3802,MKGI
3803,MKL
3804,MKSI
3805,MKTX
3806,MLAB
3807,MLCO
3808,MLHR
3809,MLI
3810,MLM
3811,MLNK
3812,MLNT
3813,MLNX
3814,MLP
3815,MLR
3816,MLSS
3817,MLVF
3818,MMAC
3819,MMC
3820,MMD
3821,MMDM
3822,MMDMR
3823,MMDMU
3824,MMDMW
3825,MMI
3826,MMLP
3827,MMM
3828,MMP
3829,MMS
3830,MMSI
3831,MMT
3832,MMU
3833,MMV
3834,MMYT
3835,MN
3836,MNDO
3837,MNE
3838,MNGA
3839,MNI
3840,MNK
3841,MNKD
3842,MNLO
3843,MNOV
3844,MNP
3845,MNR
3846,MNRO
3847,MNST
3848,MNTA
3849,MNTX
3850,MO
3851,MOBL
3852,MOC
3853,MOD
3854,MODN
3855,MOFG
3856,MOGLC
3857,MOGO
3858,MOH
3859,MOMO
3860,MOR
3861,MORN
3862,MOS
3863,MOSC
3864,MOSY
3865,MOTS
3866,MOV
3867,MOXC
3868,MPA
3869,MPAA
3870,MPAC
3871,MPACU
3872,MPB
3873,MPC
3874,MPCT
3875,MPLX
3876,MPO
3877,MPV
3878,MPVD
3879,MPW
3880,MPWR
3881,MPX
3882,MQT
3883,MQY
3884,MRAM
3885,MRBK
3886,MRC
3887,MRCC
3888,MRCY
3889,MRIC
3890,MRIN
3891,MRK
3892,MRLN
3893,MRNS
3894,MRO
3895,MRSN
3896,MRT
3897,MRTN
3898,MRTX
3899,MRUS
3900,MRVL
3901,MS
3902,MSA
3903,MSB
3904,MSBF
3905,MSBI
3906,MSCC
3907,MSCI
3908,MSD
3909,MSEX
3910,MSF
3911,MSFG
3912,MSFT
3913,MSG
3914,MSGN
3915,MSI
3916,MSL
3917,MSLI
3918,MSM
3919,MSN
3920,MSON
3921,MSP
3922,MSTR
3923,MSVB
3924,MT
3925,MTB
3926,MTBC
3927,MTBCP
3928,MTCH
3929,MTD
3930,MTDR
3931,MTEC
3932,MTECU
3933,MTECW
3934,MTEM
3935,MTEX
3936,MTFB
3937,MTFBW
3938,MTG
3939,MTGEP
3940,MTH
3941,MTL
3942,MTLS
3943,MTN
3944,MTNB
3945,MTOR
3946,MTP
3947,MTR
3948,MTRN
3949,MTRX
3950,MTSC
3951,MTSI
3952,MTSL
3953,MTT
3954,MTW
3955,MTX
3956,MTZ
3957,MU
3958,MUA
3959,MUC
3960,MUDS
3961,MUDSU
3962,MUDSW
3963,MUE
3964,MUFG
3965,MUH
3966,MUI
3967,MUJ
3968,MUR
3969,MUS
3970,MUSA
3971,MUX
3972,MVBF
3973,MVC
3974,MVCB
3975,MVCD
3976,MVF
3977,MVIS
3978,MVO
3979,MVT
3980,MWA
3981,MX
3982,MXC
3983,MXE
3984,MXF
3985,MXIM
3986,MXL
3987,MXWL
3988,MYC
3989,MYCC
3990,MYD
3991,MYE
3992,MYF
3993,MYFW
3994,MYGN
3995,MYI
3996,MYJ
3997,MYL
3998,MYN
3999,MYND
4000,MYNDW
4001,MYO
4002,MYOK
4003,MYOS
4004,MYOV
4005,MYRG
4006,MYSZ
4007,MZA
4008,MZOR
4009,NAC
4010,NAD
4011,NADL
4012,NAII
4013,NAK
4014,NAKD
4015,NAME
4016,NAN
4017,NANO
4018,NAO
4019,NAOV
4020,NAP
4021,NAT
4022,NATH
4023,NATI
4024,NATR
4025,NAUH
4026,NAV
4027,NAVB
4028,NAVG
4029,NAVI
4030,NAZ
4031,NBB
4032,NBD
4033,NBEV
4034,NBH
4035,NBHC
4036,NBIX
4037,NBL
4038,NBLX
4039,NBN
4040,NBO
4041,NBR
4042,NBRV
4043,NBTB
4044,NBW
4045,NBY
4046,NC
4047,NCA
4048,NCB
4049,NCBS
4050,NCI
4051,NCLH
4052,NCMI
4053,NCNA
4054,NCOM
4055,NCR
4056,NCS
4057,NCSM
4058,NCTY
4059,NCV
4060,NCZ
4061,NDAQ
4062,NDLS
4063,NDP
4064,NDRA
4065,NDRAW
4066,NDSN
4067,NE
4068,NEA
4069,NEBU
4070,NEBUU
4071,NEBUW
4072,NEE
4073,NEM
4074,NEN
4075,NEO
4076,NEOG
4077,NEON
4078,NEOS
4079,NEP
4080,NEPT
4081,NERV
4082,NES
4083,NESR
4084,NESRW
4085,NETE
4086,NETS
4087,NEU
4088,NEV
4089,NEW
4090,NEWA
4091,NEWM
4092,NEWR
4093,NEWT
4094,NEWTI
4095,NEWTZ
4096,NEXA
4097,NEXT
4098,NFBK
4099,NFC
4100,NFEC
4101,NFG
4102,NFJ
4103,NFLX
4104,NFTY
4105,NFX
4106,NG
4107,NGD
4108,NGG
4109,NGHC
4110,NGHCN
4111,NGHCO
4112,NGHCP
4113,NGHCZ
4114,NGL
4115,NGS
4116,NGVC
4117,NGVT
4118,NH
4119,NHA
4120,NHC
4121,NHF
4122,NHI
4123,NHLD
4124,NHLDW
4125,NHS
4126,NHTC
4127,NI
4128,NICE
4129,NICK
4130,NID
4131,NIE
4132,NIHD
4133,NIM
4134,NINE
4135,NIO
4136,NIQ
4137,NITE
4138,NJR
4139,NJV
4140,NK
4141,NKE
4142,NKG
4143,NKSH
4144,NKTR
4145,NKX
4146,NL
4147,NLNK
4148,NLS
4149,NLSN
4150,NLST
4151,NLY
4152,NM
4153,NMFC
4154,NMI
4155,NMIH
4156,NML
4157,NMM
4158,NMR
4159,NMRD
4160,NMRK
4161,NMS
4162,NMT
4163,NMY
4164,NMZ
4165,NNA
4166,NNBR
4167,NNC
4168,NNDM
4169,NNI
4170,NNN
4171,NNVC
4172,NNY
4173,NOA
4174,NOAH
4175,NOC
4176,NODK
4177,NOG
4178,NOK
4179,NOM
4180,NOMD
4181,NOV
4182,NOVN
4183,NOVT
4184,NOW
4185,NP
4186,NPK
4187,NPN
4188,NPO
4189,NPTN
4190,NPV
4191,NQP
4192,NR
4193,NRC
4194,NRE
4195,NRG
4196,NRIM
4197,NRK
4198,NRO
4199,NRP
4200,NRT
4201,NRZ
4202,NS
4203,NSA
4204,NSC
4205,NSEC
4206,NSIT
4207,NSL
4208,NSP
4209,NSPR
4210,NSS
4211,NSSC
4212,NSTG
4213,NSU
4214,NSYS
4215,NTAP
4216,NTB
4217,NTC
4218,NTCT
4219,NTEC
4220,NTES
4221,NTEST
4222,NTG
4223,NTGN
4224,NTGR
4225,NTIC
4226,NTIP
4227,NTLA
4228,NTN
4229,NTNX
4230,NTP
4231,NTR
4232,NTRA
4233,NTRI
4234,NTRP
4235,NTRS
4236,NTRSP
4237,NTWK
4238,NTX
4239,NTZ
4240,NUAN
4241,NUE
4242,NUM
4243,NUO
4244,NURO
4245,NUROW
4246,NUS
4247,NUV
4248,NUVA
4249,NUW
4250,NVAX
4251,NVCN
4252,NVCR
4253,NVDA
4254,NVEC
4255,NVEE
4256,NVFY
4257,NVG
4258,NVGS
4259,NVIV
4260,NVLN
4261,NVMI
4262,NVMM
4263,NVO
4264,NVR
4265,NVRO
4266,NVS
4267,NVT
4268,NVTA
4269,NVTR
4270,NVUS
4271,NWBI
4272,NWBO
4273,NWE
4274,NWFL
4275,NWHM
4276,NWL
4277,NWLI
4278,NWN
4279,NWPX
4280,NWS
4281,NWSA
4282,NWY
4283,NX
4284,NXC
4285,NXE
4286,NXEO
4287,NXEOU
4288,NXEOW
4289,NXGN
4290,NXJ
4291,NXN
4292,NXP
4293,NXPI
4294,NXQ
4295,NXR
4296,NXRT
4297,NXST
4298,NXTD
4299,NXTDW
4300,NXTM
4301,NYCB
4302,NYH
4303,NYMT
4304,NYMTN
4305,NYMTO
4306,NYMTP
4307,NYMX
4308,NYNY
4309,NYRT
4310,NYT
4311,NYV
4312,NZF
4313,O
4314,OAK
4315,OAS
4316,OASM
4317,OBAS
4318,OBCI
4319,OBE
4320,OBLN
4321,OBNK
4322,OBSV
4323,OC
4324,OCC
4325,OCFC
4326,OCLR
4327,OCN
4328,OCSI
4329,OCSL
4330,OCSLL
4331,OCUL
4332,OCX
4333,ODC
4334,ODFL
4335,ODP
4336,ODT
4337,OEC
4338,OESX
4339,OFC
4340,OFED
4341,OFG
4342,OFIX
4343,OFLX
4344,OFS
4345,OFSSL
4346,OGE
4347,OGEN
4348,OGS
4349,OHAI
4350,OHGI
4351,OHI
4352,OHRP
4353,OI
4354,OIA
4355,OII
4356,OIIM
4357,OILD
4358,OILU
4359,OIS
4360,OKDCC
4361,OKE
4362,OKTA
4363,OLBK
4364,OLD
4365,OLED
4366,OLLI
4367,OLN
4368,OLP
4369,OMAB
4370,OMAD
4371,OMC
4372,OMCL
4373,OMED
4374,OMER
4375,OMEX
4376,OMF
4377,OMI
4378,OMN
4379,OMP
4380,ON
4381,ONB
4382,ONCE
4383,ONCS
4384,ONCY
4385,ONDK
4386,ONE
4387,ONEQ
4388,ONS
4389,ONTX
4390,ONTXW
4391,ONVO
4392,OOMA
4393,OPB
4394,OPBK
4395,OPES
4396,OPESU
4397,OPESW
4398,OPGN
4399,OPGNW
4400,OPHC
4401,OPHT
4402,OPK
4403,OPNT
4404,OPOF
4405,OPP
4406,OPRA
4407,OPRX
4408,OPTN
4409,OPTT
4410,OPY
4411,OR
4412,ORA
4413,ORAN
4414,ORBC
4415,ORBK
4416,ORC
4417,ORCL
4418,ORG
4419,ORGS
4420,ORI
4421,ORIG
4422,ORIT
4423,ORLY
4424,ORM
4425,ORMP
4426,ORN
4427,ORPN
4428,ORRF
4429,OSB
4430,OSBC
4431,OSBCP
4432,OSG
4433,OSIR
4434,OSIS
4435,OSK
4436,OSLE
4437,OSN
4438,OSPN
4439,OSS
4440,OSTK
4441,OSUR
4442,OTEL
4443,OTEX
4444,OTIC
4445,OTIV
4446,OTTR
4447,OTTW
4448,OUT
4449,OVAS
4450,OVBC
4451,OVID
4452,OVLY
4453,OXBR
4454,OXBRW
4455,OXFD
4456,OXLC
4457,OXLCM
4458,OXLCO
4459,OXM
4460,OXSQ
4461,OXSQL
4462,OXY
4463,OZK
4464,OZM
4465,P
4466,PAA
4467,PAAS
4468,PAC
4469,PACB
4470,PACD
4471,PACQ
4472,PACQU
4473,PACQW
4474,PACW
4475,PAG
4476,PAGG
4477,PAGP
4478,PAGS
4479,PAH
4480,PAHC
4481,PAI
4482,PAM
4483,PANL
4484,PANW
4485,PAR
4486,PARR
4487,PATI
4488,PATK
4489,PAVM
4490,PAVMW
4491,PAVMZ
4492,PAYC
4493,PAYX
4494,PB
4495,PBA
4496,PBB
4497,PBBI
4498,PBCT
4499,PBCTP
4500,PBF
4501,PBFX
4502,PBH
4503,PBHC
4504,PBI
4505,PBIO
4506,PBIP
4507,PBPB
4508,PBR
4509,PBSK
4510,PBT
4511,PBY
4512,PBYI
4513,PCAR
4514,PCB
4515,PCF
4516,PCG
4517,PCH
4518,PCI
4519,PCK
4520,PCM
4521,PCMI
4522,PCN
4523,PCOM
4524,PCQ
4525,PCRX
4526,PCSB
4527,PCTI
4528,PCTY
4529,PCYG
4530,PCYO
4531,PDBC
4532,PDCE
4533,PDCO
4534,PDD
4535,PDEX
4536,PDFS
4537,PDI
4538,PDLB
4539,PDLI
4540,PDM
4541,PDP
4542,PDS
4543,PDT
4544,PDVW
4545,PE
4546,PEB
4547,PEBK
4548,PEBO
4549,PED
4550,PEG
4551,PEGA
4552,PEGI
4553,PEI
4554,PEIX
4555,PEN
4556,PENN
4557,PEO
4558,PEP
4559,PER
4560,PERI
4561,PERY
4562,PES
4563,PESI
4564,PETQ
4565,PETS
4566,PETX
4567,PETZ
4568,PETZC
4569,PEY
4570,PEZ
4571,PF
4572,PFBC
4573,PFBI
4574,PFBX
4575,PFD
4576,PFE
4577,PFF
4578,PFG
4579,PFGC
4580,PFH
4581,PFI
4582,PFIE
4583,PFIN
4584,PFIS
4585,PFK
4586,PFL
4587,PFLT
4588,PFM
4589,PFMT
4590,PFN
4591,PFNX
4592,PFO
4593,PFPT
4594,PFS
4595,PFSI
4596,PFSW
4597,PG
4598,PGC
4599,PGJ
4600,PGLC
4601,PGNX
4602,PGP
4603,PGR
4604,PGRE
4605,PGTI
4606,PGZ
4607,PH
4608,PHD
4609,PHF
4610,PHG
4611,PHI
4612,PHII
4613,PHIIK
4614,PHK
4615,PHM
4616,PHMD
4617,PHO
4618,PHT
4619,PHX
4620,PI
4621,PICO
4622,PID
4623,PIE
4624,PIH
4625,PIHPP
4626,PII
4627,PIM
4628,PINC
4629,PIO
4630,PIR
4631,PIRS
4632,PIXY
4633,PIY
4634,PIZ
4635,PJC
4636,PJH
4637,PJT
4638,PK
4639,PKBK
4640,PKD
4641,PKE
4642,PKG
4643,PKI
4644,PKO
4645,PKOH
4646,PKW
4647,PKX
4648,PLAB
4649,PLAY
4650,PLBC
4651,PLCE
4652,PLD
4653,PLG
4654,PLLL
4655,PLM
4656,PLNT
4657,PLOW
4658,PLPC
4659,PLPM
4660,PLSE
4661,PLT
4662,PLUG
4663,PLUS
4664,PLW
4665,PLX
4666,PLXP
4667,PLXS
4668,PLYA
4669,PLYM
4670,PM
4671,PMBC
4672,PMD
4673,PME
4674,PMF
4675,PML
4676,PMM
4677,PMO
4678,PMOM
4679,PMPT
4680,PMT
4681,PMTS
4682,PMX
4683,PN
4684,PNBK
4685,PNC
4686,PNF
4687,PNFP
4688,PNI
4689,PNK
4690,PNM
4691,PNNT
4692,PNQI
4693,PNR
4694,PNRG
4695,PNTR
4696,PNW
4697,PODD
4698,POL
4699,POLA
4700,POOL
4701,POPE
4702,POR
4703,POST
4704,POWI
4705,POWL
4706,PPBI
4707,PPC
4708,PPDF
4709,PPG
4710,PPH
4711,PPHM
4712,PPHMP
4713,PPIH
4714,PPL
4715,PPR
4716,PPSI
4717,PPT
4718,PPX
4719,PQG
4720,PRA
4721,PRAA
4722,PRAH
4723,PRAN
4724,PRCP
4725,PRFT
4726,PRFZ
4727,PRGO
4728,PRGS
4729,PRGX
4730,PRH
4731,PRI
4732,PRIM
4733,PRK
4734,PRKR
4735,PRLB
4736,PRMW
4737,PRNB
4738,PRO
4739,PROV
4740,PRPH
4741,PRPL
4742,PRPLW
4743,PRPO
4744,PRQR
4745,PRS
4746,PRSC
4747,PRSP
4748,PRSS
4749,PRT
4750,PRTA
4751,PRTH
4752,PRTHU
4753,PRTHW
4754,PRTK
4755,PRTO
4756,PRTS
4757,PRTY
4758,PRU
4759,PRVB
4760,PRXL
4761,PRZM
4762,PS
4763,PSA
4764,PSAU
4765,PSB
4766,PSC
4767,PSCC
4768,PSCD
4769,PSCE
4770,PSCF
4771,PSCH
4772,PSCI
4773,PSCM
4774,PSCT
4775,PSCU
4776,PSDO
4777,PSDV
4778,PSEC
4779,PSET
4780,PSF
4781,PSIX
4782,PSL
4783,PSMT
4784,PSO
4785,PSTB
4786,PSTG
4787,PSTI
4788,PSX
4789,PSXP
4790,PTC
4791,PTCT
4792,PTEN
4793,PTF
4794,PTGX
4795,PTH
4796,PTI
4797,PTIE
4798,PTLA
4799,PTN
4800,PTNR
4801,PTR
4802,PTSI
4803,PTVCA
4804,PTVCB
4805,PTX
4806,PTY
4807,PUB
4808,PUI
4809,PUK
4810,PULM
4811,PUMP
4812,PVAC
4813,PVAL
4814,PVBC
4815,PVG
4816,PVH
4817,PVL
4818,PVTBP
4819,PVTD
4820,PVTL
4821,PW
4822,PWE
4823,PWOD
4824,PWR
4825,PX
4826,PXD
4827,PXI
4828,PXLW
4829,PXS
4830,PXUS
4831,PY
4832,PYDS
4833,PYN
4834,PYPL
4835,PYS
4836,PYT
4837,PYX
4838,PYZ
4839,PZC
4840,PZE
4841,PZG
4842,PZN
4843,PZRX
4844,PZZA
4845,Q
4846,QABA
4847,QADA
4848,QADB
4849,QAT
4850,QBAK
4851,QCLN
4852,QCOM
4853,QCP
4854,QCRH
4855,QD
4856,QDEL
4857,QEP
4858,QES
4859,QGEN
4860,QHC
4861,QINC
4862,QIWI
4863,QLC
4864,QLYS
4865,QNST
4866,QPAC
4867,QQEW
4868,QQQ
4869,QQQC
4870,QQQX
4871,QQXT
4872,QRHC
4873,QRTEA
4874,QRTEB
4875,QRVO
4876,QSII
4877,QSR
4878,QTEC
4879,QTM
4880,QTNA
4881,QTNT
4882,QTRH
4883,QTRX
4884,QTS
4885,QTT
4886,QTWO
4887,QUAD
4888,QUIK
4889,QUMU
4890,QUOT
4891,QURE
4892,QYLD
4893,R
4894,RA
4895,RACE
4896,RAD
4897,RADA
4898,RAIL
4899,RAND
4900,RARE
4901,RARX
4902,RATE
4903,RAVE
4904,RAVN
4905,RBA
4906,RBB
4907,RBBN
4908,RBC
4909,RBCAA
4910,RBCN
4911,RBNC
4912,RBPAA
4913,RBS
4914,RCG
4915,RCI
4916,RCII
4917,RCKT
4918,RCKY
4919,RCL
4920,RCM
4921,RCMT
4922,RCON
4923,RCS
4924,RCUS
4925,RDC
4926,RDCM
4927,RDFN
4928,RDHL
4929,RDI
4930,RDIB
4931,RDN
4932,RDNT
4933,RDUS
4934,RDVT
4935,RDVY
4936,RDWR
4937,RDY
4938,RE
4939,RECN
4940,REDU
4941,REED
4942,REFR
4943,REG
4944,REGI
4945,REGN
4946,REI
4947,RELL
4948,RELV
4949,RELX
4950,RELY
4951,REN
4952,RENN
4953,RENX
4954,REPH
4955,REPL
4956,RES
4957,RESI
4958,RESN
4959,RETA
4960,RETO
4961,REV
4962,REVG
4963,REX
4964,REXR
4965,RF
4966,RFAP
4967,RFDI
4968,RFEM
4969,RFEU
4970,RFI
4971,RFIL
4972,RFL
4973,RFP
4974,RFT
4975,RFTA
4976,RGA
4977,RGCO
4978,RGEN
4979,RGLD
4980,RGLS
4981,RGNX
4982,RGR
4983,RGS
4984,RGSE
4985,RGT
4986,RH
4987,RHE
4988,RHI
4989,RHP
4990,RHT
4991,RIBT
4992,RICK
4993,RIF
4994,RIG
4995,RIGL
4996,RILY
4997,RILYG
4998,RILYH
4999,RILYI
5000,RILYL
5001,RILYZ
5002,RING
5003,RIO
5004,RIOT
5005,RIV
5006,RIVE
5007,RJF
5008,RKDA
5009,RL
5010,RLGT
5011,RLGY
5012,RLH
5013,RLI
5014,RLJ
5015,RLJE
5016,RLM
5017,RLOG
5018,RM
5019,RMAX
5020,RMBL
5021,RMBS
5022,RMCF
5023,RMD
5024,RMGN
5025,RMNI
5026,RMR
5027,RMT
5028,RMTI
5029,RNDB
5030,RNDM
5031,RNDV
5032,RNEM
5033,RNET
5034,RNG
5035,RNGR
5036,RNLC
5037,RNMC
5038,RNN
5039,RNP
5040,RNR
5041,RNSC
5042,RNST
5043,RNVA
5044,RNWK
5045,ROAD
5046,ROBO
5047,ROBT
5048,ROCK
5049,ROG
5050,ROIAK
5051,ROIC
5052,ROK
5053,ROKU
5054,ROL
5055,ROLL
5056,ROP
5057,ROSE
5058,ROSEU
5059,ROSEW
5060,ROSG
5061,ROST
5062,ROX
5063,ROYT
5064,RP
5065,RPAI
5066,RPD
5067,RPIBC
5068,RPM
5069,RPT
5070,RQI
5071,RRC
5072,RRD
5073,RRGB
5074,RRR
5075,RRTS
5076,RS
5077,RSG
5078,RSLS
5079,RSO
5080,RST
5081,RSYS
5082,RT
5083,RTEC
5084,RTIX
5085,RTK
5086,RTN
5087,RTRX
5088,RTTR
5089,RUBI
5090,RUBY
5091,RUN
5092,RUSHA
5093,RUSHB
5094,RUTH
5095,RVEN
5096,RVI
5097,RVLT
5098,RVNC
5099,RVP
5100,RVSB
5101,RVT
5102,RWGE
5103,RWLK
5104,RWT
5105,RXII
5106,RXN
5107,RY
5108,RYAAY
5109,RYAM
5110,RYB
5111,RYI
5112,RYN
5113,RYTM
5114,RZA
5115,RZB
5116,S
5117,SA
5118,SAB
5119,SABR
5120,SACH
5121,SAEX
5122,SAF
5123,SAFE
5124,SAFM
5125,SAFT
5126,SAGE
5127,SAH
5128,SAIA
5129,SAIC
5130,SAIL
5131,SAJA
5132,SAL
5133,SALM
5134,SALT
5135,SAM
5136,SAMG
5137,SAN
5138,SAND
5139,SANM
5140,SANW
5141,SAP
5142,SAR
5143,SASR
5144,SATS
5145,SAUC
5146,SAVE
5147,SB
5148,SBAC
5149,SBBC
5150,SBBP
5151,SBBX
5152,SBCF
5153,SBCP
5154,SBFG
5155,SBFGP
5156,SBGI
5157,SBGL
5158,SBH
5159,SBI
5160,SBLK
5161,SBLKL
5162,SBLKZ
5163,SBNA
5164,SBNY
5165,SBOT
5166,SBOW
5167,SBPH
5168,SBR
5169,SBRA
5170,SBS
5171,SBSI
5172,SBT
5173,SBUX
5174,SC
5175,SCA
5176,SCAC
5177,SCACU
5178,SCACW
5179,SCCO
5180,SCD
5181,SCG
5182,SCHL
5183,SCHN
5184,SCHW
5185,SCI
5186,SCKT
5187,SCL
5188,SCLN
5189,SCM
5190,SCMP
5191,SCON
5192,SCOR
5193,SCPH
5194,SCS
5195,SCSC
5196,SCSS
5197,SCVL
5198,SCWX
5199,SCX
5200,SCYX
5201,SCZ
5202,SD
5203,SDI
5204,SDLP
5205,SDPI
5206,SDR
5207,SDRL
5208,SDT
5209,SDVY
5210,SE
5211,SEAC
5212,SEAS
5213,SEB
5214,SECO
5215,SEDG
5216,SEE
5217,SEED
5218,SEIC
5219,SEII
5220,SELB
5221,SELF
5222,SEM
5223,SEMG
5224,SEND
5225,SENEA
5226,SENEB
5227,SENS
5228,SEP
5229,SERV
5230,SES
5231,SESN
5232,SEV
5233,SF
5234,SFB
5235,SFBC
5236,SFBS
5237,SFE
5238,SFET
5239,SFIX
5240,SFL
5241,SFLY
5242,SFM
5243,SFNC
5244,SFS
5245,SFST
5246,SFUN
5247,SGA
5248,SGB
5249,SGBK
5250,SGBX
5251,SGC
5252,SGEN
5253,SGH
5254,SGLB
5255,SGLBW
5256,SGMA
5257,SGMO
5258,SGMS
5259,SGOC
5260,SGRP
5261,SGRY
5262,SGU
5263,SGYP
5264,SGZA
5265,SHAK
5266,SHBI
5267,SHEN
5268,SHG
5269,SHI
5270,SHIP
5271,SHIPW
5272,SHLD
5273,SHLM
5274,SHLO
5275,SHLX
5276,SHO
5277,SHOO
5278,SHOP
5279,SHOR
5280,SHOS
5281,SHPG
5282,SHSP
5283,SHV
5284,SHW
5285,SHY
5286,SIC
5287,SID
5288,SIEB
5289,SIEN
5290,SIF
5291,SIFI
5292,SIFY
5293,SIG
5294,SIGA
5295,SIGI
5296,SIGM
5297,SILC
5298,SILV
5299,SIM
5300,SIMO
5301,SINA
5302,SINO
5303,SIR
5304,SIRI
5305,SITE
5306,SITO
5307,SIVB
5308,SIX
5309,SJI
5310,SJIU
5311,SJM
5312,SJR
5313,SJT
5314,SJW
5315,SKIS
5316,SKLN
5317,SKM
5318,SKOR
5319,SKT
5320,SKX
5321,SKY
5322,SKYS
5323,SKYW
5324,SKYY
5325,SLAB
5326,SLB
5327,SLCA
5328,SLCT
5329,SLD
5330,SLDA
5331,SLDB
5332,SLF
5333,SLG
5334,SLGL
5335,SLGN
5336,SLIM
5337,SLM
5338,SLMAP
5339,SLMBP
5340,SLNO
5341,SLNOW
5342,SLP
5343,SLQD
5344,SLRA
5345,SLRC
5346,SLS
5347,SLTB
5348,SLVO
5349,SM
5350,SMAR
5351,SMBC
5352,SMBK
5353,SMCI
5354,SMCP
5355,SMED
5356,SMFG
5357,SMG
5358,SMHI
5359,SMI
5360,SMIT
5361,SMLP
5362,SMM
5363,SMMF
5364,SMMT
5365,SMP
5366,SMPL
5367,SMRT
5368,SMSI
5369,SMTA
5370,SMTC
5371,SMTS
5372,SMTX
5373,SN
5374,SNA
5375,SNAK
5376,SNAP
5377,SNBC
5378,SNBR
5379,SNCR
5380,SND
5381,SNDE
5382,SNDR
5383,SNDX
5384,SNE
5385,SNES
5386,SNFCA
5387,SNGX
5388,SNGXW
5389,SNH
5390,SNHNI
5391,SNHNL
5392,SNHY
5393,SNI
5394,SNLN
5395,SNMP
5396,SNMX
5397,SNN
5398,SNNA
5399,SNOA
5400,SNOAW
5401,SNP
5402,SNPS
5403,SNR
5404,SNSR
5405,SNSS
5406,SNV
5407,SNX
5408,SNY
5409,SO
5410,SOCL
5411,SODA
5412,SOFO
5413,SOGO
5414,SOHO
5415,SOHOB
5416,SOHOK
5417,SOHOO
5418,SOHU
5419,SOI
5420,SOJA
5421,SOJB
5422,SOJC
5423,SOL
5424,SOLO
5425,SOLOW
5426,SON
5427,SONA
5428,SONC
5429,SONO
5430,SOR
5431,SORL
5432,SOXX
5433,SOYB
5434,SP
5435,SPA
5436,SPAN
5437,SPAR
5438,SPB
5439,SPCB
5440,SPE
5441,SPEX
5442,SPG
5443,SPGI
5444,SPH
5445,SPHS
5446,SPI
5447,SPKE
5448,SPKEP
5449,SPLK
5450,SPLP
5451,SPN
5452,SPNE
5453,SPNS
5454,SPOK
5455,SPOT
5456,SPPI
5457,SPR
5458,SPRO
5459,SPRT
5460,SPSC
5461,SPTN
5462,SPU
5463,SPWH
5464,SPWR
5465,SPXC
5466,SPXX
5467,SQ
5468,SQBG
5469,SQLV
5470,SQM
5471,SQNS
5472,SQQQ
5473,SR
5474,SRAX
5475,SRC
5476,SRCE
5477,SRCI
5478,SRCL
5479,SRCLP
5480,SRDX
5481,SRE
5482,SRET
5483,SREV
5484,SRF
5485,SRG
5486,SRI
5487,SRLP
5488,SRNE
5489,SRPT
5490,SRRA
5491,SRRK
5492,SRSC
5493,SRT
5494,SRTS
5495,SRTSW
5496,SRV
5497,SSB
5498,SSBI
5499,SSC
5500,SSD
5501,SSFN
5502,SSI
5503,SSKN
5504,SSL
5505,SSLJ
5506,SSN
5507,SSNC
5508,SSNT
5509,SSP
5510,SSRI
5511,SSRM
5512,SSTI
5513,SSTK
5514,SSW
5515,SSWA
5516,SSWN
5517,SSY
5518,SSYS
5519,ST
5520,STAA
5521,STAF
5522,STAG
5523,STAR
5524,STAY
5525,STB
5526,STBA
5527,STBZ
5528,STC
5529,STCN
5530,STE
5531,STFC
5532,STG
5533,STI
5534,STIM
5535,STK
5536,STKL
5537,STKS
5538,STL
5539,STLD
5540,STLR
5541,STLRU
5542,STLRW
5543,STLY
5544,STM
5545,STML
5546,STMP
5547,STN
5548,STND
5549,STNG
5550,STNL
5551,STNLU
5552,STNLW
5553,STON
5554,STOR
5555,STPP
5556,STRA
5557,STRL
5558,STRM
5559,STRP
5560,STRS
5561,STRT
5562,STT
5563,STWD
5564,STX
5565,STXB
5566,STZ
5567,SU
5568,SUI
5569,SUM
5570,SUMR
5571,SUN
5572,SUNS
5573,SUNW
5574,SUP
5575,SUPN
5576,SUPV
5577,SURF
5578,SUSB
5579,SUSC
5580,SVA
5581,SVBI
5582,SVM
5583,SVRA
5584,SVT
5585,SVU
5586,SVVC
5587,SWCH
5588,SWIN
5589,SWIR
5590,SWJ
5591,SWK
5592,SWKS
5593,SWM
5594,SWN
5595,SWNC
5596,SWP
5597,SWX
5598,SWZ
5599,SXC
5600,SXCP
5601,SXE
5602,SXI
5603,SXT
5604,SYBT
5605,SYBX
5606,SYF
5607,SYK
5608,SYKE
5609,SYMC
5610,SYMX
5611,SYN
5612,SYNA
5613,SYNC
5614,SYNH
5615,SYNL
5616,SYNT
5617,SYPR
5618,SYRS
5619,SYX
5620,SYY
5621,SZC
5622,T
5623,TA
5624,TAC
5625,TACO
5626,TACOW
5627,TACT
5628,TAHO
5629,TAIT
5630,TAL
5631,TALO
5632,TANH
5633,TANNI
5634,TANNL
5635,TANNZ
5636,TAOP
5637,TAP
5638,TAPR
5639,TARO
5640,TAST
5641,TAT
5642,TATT
5643,TAX
5644,TAYD
5645,TBB
5646,TBBK
5647,TBC
5648,TBI
5649,TBIO
5650,TBK
5651,TBNK
5652,TBPH
5653,TBRG
5654,TBRGU
5655,TBRGW
5656,TCBI
5657,TCBIL
5658,TCBIP
5659,TCBK
5660,TCCO
5661,TCDA
5662,TCF
5663,TCFC
5664,TCGP
5665,TCI
5666,TCMD
5667,TCO
5668,TCON
5669,TCP
5670,TCPC
5671,TCRD
5672,TCRX
5673,TCRZ
5674,TCS
5675,TCX
5676,TD
5677,TDA
5678,TDAC
5679,TDACU
5680,TDACW
5681,TDC
5682,TDE
5683,TDF
5684,TDG
5685,TDI
5686,TDIV
5687,TDJ
5688,TDOC
5689,TDS
5690,TDW
5691,TDY
5692,TEAM
5693,TEAR
5694,TECD
5695,TECH
5696,TECK
5697,TEDU
5698,TEF
5699,TEI
5700,TEL
5701,TELL
5702,TEN
5703,TENB
5704,TENX
5705,TEO
5706,TER
5707,TERP
5708,TESO
5709,TESS
5710,TEUM
5711,TEVA
5712,TEX
5713,TFSL
5714,TFX
5715,TG
5716,TGA
5717,TGB
5718,TGC
5719,TGE
5720,TGEN
5721,TGH
5722,TGI
5723,TGLS
5724,TGNA
5725,TGP
5726,TGS
5727,TGT
5728,TGTX
5729,THC
5730,THFF
5731,THG
5732,THGA
5733,THM
5734,THO
5735,THQ
5736,THR
5737,THRM
5738,THS
5739,THST
5740,THW
5741,TI
5742,TIBR
5743,TIBRU
5744,TIBRW
5745,TIER
5746,TIF
5747,TIK
5748,TILE
5749,TIME
5750,TIPT
5751,TIS
5752,TISA
5753,TISI
5754,TITN
5755,TIVO
5756,TJX
5757,TK
5758,TKAT
5759,TKC
5760,TKF
5761,TKKS
5762,TKKSR
5763,TKKSU
5764,TKKSW
5765,TKR
5766,TLF
5767,TLGT
5768,TLI
5769,TLK
5770,TLND
5771,TLOG
5772,TLP
5773,TLRA
5774,TLRD
5775,TLRY
5776,TLT
5777,TLYS
5778,TM
5779,TMCX
5780,TMCXU
5781,TMCXW
5782,TMDI
5783,TMF
5784,TMHC
5785,TMK
5786,TMO
5787,TMP
5788,TMQ
5789,TMSR
5790,TMST
5791,TMUS
5792,TMUSP
5793,TNAV
5794,TNC
5795,TNDM
5796,TNET
5797,TNGO
5798,TNK
5799,TNP
5800,TNXP
5801,TOCA
5802,TOL
5803,TOO
5804,TOPS
5805,TORC
5806,TOT
5807,TOTA
5808,TOTAR
5809,TOTAU
5810,TOTAW
5811,TOUR
5812,TOWN
5813,TOWR
5814,TPB
5815,TPC
5816,TPGH
5817,TPH
5818,TPHS
5819,TPIC
5820,TPL
5821,TPNL
5822,TPR
5823,TPRE
5824,TPVG
5825,TPVY
5826,TPX
5827,TPZ
5828,TQQQ
5829,TR
5830,TRC
5831,TRCB
5832,TRCH
5833,TRCO
5834,TREC
5835,TREE
5836,TREX
5837,TRGP
5838,TRHC
5839,TRI
5840,TRIB
5841,TRIL
5842,TRIP
5843,TRK
5844,TRMB
5845,TRMD
5846,TRMK
5847,TRMT
5848,TRN
5849,TRNO
5850,TRNS
5851,TROV
5852,TROVU
5853,TROVW
5854,TROW
5855,TROX
5856,TRP
5857,TRPX
5858,TRQ
5859,TRS
5860,TRST
5861,TRT
5862,TRTN
5863,TRTX
5864,TRU
5865,TRUP
5866,TRV
5867,TRVG
5868,TRVN
5869,TRX
5870,TRXC
5871,TS
5872,TSBK
5873,TSC
5874,TSCAP
5875,TSCO
5876,TSE
5877,TSEM
5878,TSG
5879,TSI
5880,TSLA
5881,TSLF
5882,TSLX
5883,TSM
5884,TSN
5885,TSNU
5886,TSQ
5887,TSRI
5888,TSRO
5889,TSS
5890,TST
5891,TSU
5892,TTC
5893,TTD
5894,TTEC
5895,TTEK
5896,TTGT
5897,TTI
5898,TTM
5899,TTMI
5900,TTNP
5901,TTOO
5902,TTP
5903,TTPH
5904,TTS
5905,TTWO
5906,TU
5907,TUES
5908,TUP
5909,TUR
5910,TURN
5911,TUSA
5912,TUSK
5913,TUTI
5914,TUTT
5915,TV
5916,TVC
5917,TVE
5918,TVIX
5919,TVIZ
5920,TVPT
5921,TVTY
5922,TWER
5923,TWI
5924,TWIN
5925,TWLO
5926,TWLV
5927,TWLVR
5928,TWLVU
5929,TWLVW
5930,TWMC
5931,TWN
5932,TWNK
5933,TWNKW
5934,TWO
5935,TWOU
5936,TWTR
5937,TX
5938,TXMD
5939,TXN
5940,TXRH
5941,TXT
5942,TY
5943,TYG
5944,TYHT
5945,TYL
5946,TYME
5947,TYPE
5948,TZACU
5949,TZOO
5950,UA
5951,UAA
5952,UAE
5953,UAL
5954,UAMY
5955,UAN
5956,UAVS
5957,UBA
5958,UBCP
5959,UBFO
5960,UBIO
5961,UBND
5962,UBNK
5963,UBNT
5964,UBOH
5965,UBP
5966,UBS
5967,UBSH
5968,UBSI
5969,UBX
5970,UCBI
5971,UCFC
5972,UCTT
5973,UDBI
5974,UDR
5975,UE
5976,UEC
5977,UEIC
5978,UEPS
5979,UFAB
5980,UFCS
5981,UFI
5982,UFPI
5983,UFPT
5984,UFS
5985,UG
5986,UGI
5987,UGLD
5988,UGP
5989,UHAL
5990,UHS
5991,UHT
5992,UIHC
5993,UIS
5994,UL
5995,ULBI
5996,ULH
5997,ULTA
5998,ULTI
5999,UMBF
6000,UMC
6001,UMH
6002,UMPQ
6003,UMRX
6004,UN
6005,UNAM
6006,UNB
6007,UNF
6008,UNFI
6009,UNH
6010,UNIS
6011,UNIT
6012,UNM
6013,UNMA
6014,UNP
6015,UNT
6016,UNTY
6017,UNVR
6018,UONE
6019,UONEK
6020,UPL
6021,UPLD
6022,UPS
6023,UQM
6024,URBN
6025,URG
6026,URGN
6027,URI
6028,USA
6029,USAC
6030,USAK
6031,USAP
6032,USAS
6033,USAT
6034,USATP
6035,USAU
6036,USB
6037,USCR
6038,USDP
6039,USEG
6040,USFD
6041,USG
6042,USIG
6043,USLB
6044,USLM
6045,USLV
6046,USM
6047,USMC
6048,USNA
6049,USOI
6050,USPH
6051,USX
6052,UTES
6053,UTF
6054,UTG
6055,UTHR
6056,UTI
6057,UTL
6058,UTMD
6059,UTSI
6060,UTX
6061,UUU
6062,UUUU
6063,UVE
6064,UVSP
6065,UVV
6066,UVXY
6067,UWN
6068,UXIN
6069,UZA
6070,UZB
6071,UZC
6072,V
6073,VAC
6074,VALE
6075,VALU
6076,VALX
6077,VAM
6078,VAR
6079,VBF
6080,VBFC
6081,VBIV
6082,VBLT
6083,VBND
6084,VBTX
6085,VC
6086,VCEL
6087,VCF
6088,VCIT
6089,VCLT
6090,VCNX
6091,VCO
6092,VCRA
6093,VCSH
6094,VCTR
6095,VCV
6096,VCYT
6097,VEAC
6098,VEACU
6099,VEACW
6100,VEC
6101,VECO
6102,VEDL
6103,VEEV
6104,VEON
6105,VER
6106,VERI
6107,VERU
6108,VET
6109,VETS
6110,VFC
6111,VFL
6112,VG
6113,VGI
6114,VGIT
6115,VGLT
6116,VGM
6117,VGR
6118,VGSH
6119,VGZ
6120,VHC
6121,VHI
6122,VIA
6123,VIAB
6124,VIAV
6125,VICI
6126,VICL
6127,VICR
6128,VIDI
6129,VIGI
6130,VII
6131,VIIX
6132,VIIZ
6133,VIPS
6134,VIRC
6135,VIRT
6136,VISI
6137,VIV
6138,VIVE
6139,VIVO
6140,VJET
6141,VKI
6142,VKQ
6143,VKTX
6144,VKTXW
6145,VLGEA
6146,VLO
6147,VLP
6148,VLRS
6149,VLRX
6150,VLT
6151,VLTC
6152,VLY
6153,VMBS
6154,VMC
6155,VMI
6156,VMM
6157,VMO
6158,VMW
6159,VNCE
6160,VNDA
6161,VNE
6162,VNET
6163,VNO
6164,VNOM
6165,VNQI
6166,VNRX
6167,VNTR
6168,VOC
6169,VOD
6170,VONE
6171,VONG
6172,VONV
6173,VOXX
6174,VOYA
6175,VPG
6176,VPV
6177,VRA
6178,VRAY
6179,VRCA
6180,VREX
6181,VRIG
6182,VRML
6183,VRNA
6184,VRNS
6185,VRNT
6186,VRS
6187,VRSK
6188,VRSN
6189,VRTS
6190,VRTSP
6191,VRTU
6192,VRTV
6193,VRTX
6194,VSAR
6195,VSAT
6196,VSDA
6197,VSEC
6198,VSH
6199,VSI
6200,VSLR
6201,VSM
6202,VSMV
6203,VSR
6204,VST
6205,VSTM
6206,VSTO
6207,VTA
6208,VTC
6209,VTGN
6210,VTHR
6211,VTIP
6212,VTIQ
6213,VTIQU
6214,VTIQW
6215,VTL
6216,VTN
6217,VTNR
6218,VTR
6219,VTRB
6220,VTSI
6221,VTVT
6222,VTWG
6223,VTWO
6224,VTWV
6225,VUSE
6226,VUZI
6227,VVC
6228,VVI
6229,VVPR
6230,VVR
6231,VVUS
6232,VVV
6233,VWOB
6234,VWR
6235,VXRT
6236,VXUS
6237,VXX
6238,VYGR
6239,VYMI
6240,VZ
6241,VZA
6242,W
6243,WAAS
6244,WAB
6245,WABC
6246,WAC
6247,WAFD
6248,WAGE
6249,WAIR
6250,WAL
6251,WALA
6252,WASH
6253,WAT
6254,WATT
6255,WAYN
6256,WB
6257,WBA
6258,WBAI
6259,WBB
6260,WBC
6261,WBK
6262,WBMD
6263,WBS
6264,WBT
6265,WCC
6266,WCFB
6267,WCG
6268,WCN
6269,WD
6270,WDAY
6271,WDC
6272,WDFC
6273,WDR
6274,WEA
6275,WEB
6276,WEBK
6277,WEC
6278,WELL
6279,WEN
6280,WERN
6281,WES
6282,WETF
6283,WEX
6284,WEYS
6285,WF
6286,WFC
6287,WFT
6288,WG
6289,WGO
6290,WGP
6291,WH
6292,WHD
6293,WHF
6294,WHFBL
6295,WHG
6296,WHLM
6297,WHLR
6298,WHLRD
6299,WHLRP
6300,WHR
6301,WIA
6302,WIFI
6303,WILC
6304,WILN
6305,WIN
6306,WINA
6307,WING
6308,WINS
6309,WINT
6310,WIRE
6311,WISA
6312,WIT
6313,WIW
6314,WIX
6315,WK
6316,WKHS
6317,WLB
6318,WLDN
6319,WLFC
6320,WLH
6321,WLK
6322,WLKP
6323,WLL
6324,WLTW
6325,WM
6326,WMB
6327,WMC
6328,WMGI
6329,WMGIZ
6330,WMK
6331,WMLP
6332,WMS
6333,WMT
6334,WNC
6335,WNEB
6336,WNRL
6337,WNS
6338,WOOD
6339,WOOF
6340,WOR
6341,WOW
6342,WP
6343,WPC
6344,WPCS
6345,WPG
6346,WPM
6347,WPP
6348,WPPGY
6349,WPRT
6350,WPX
6351,WPXP
6352,WPZ
6353,WRB
6354,WRD
6355,WRE
6356,WRI
6357,WRK
6358,WRLD
6359,WRLS
6360,WRLSR
6361,WRLSU
6362,WRLSW
6363,WRN
6364,WSBC
6365,WSBF
6366,WSC
6367,WSCI
6368,WSFS
6369,WSM
6370,WSO
6371,WSR
6372,WST
6373,WSTG
6374,WSTL
6375,WTBA
6376,WTFC
6377,WTFCM
6378,WTI
6379,WTM
6380,WTR
6381,WTS
6382,WTT
6383,WTTR
6384,WTW
6385,WU
6386,WUBA
6387,WVE
6388,WVFC
6389,WVVI
6390,WVVIP
6391,WWD
6392,WWE
6393,WWR
6394,WWW
6395,WY
6396,WYND
6397,WYNN
6398,WYY
6399,X
6400,XAN
6401,XBIO
6402,XBIT
6403,XCO
6404,XCRA
6405,XEC
6406,XEL
6407,XELA
6408,XELB
6409,XENE
6410,XENT
6411,XERS
6412,XFLT
6413,XGTI
6414,XHR
6415,XIN
6416,XLNX
6417,XLRN
6418,XNCR
6419,XNET
6420,XNY
6421,XOG
6422,XOM
6423,XOMA
6424,XON
6425,XONE
6426,XOXO
6427,XPER
6428,XPL
6429,XPLR
6430,XPO
6431,XRAY
6432,XRDC
6433,XRF
6434,XRX
6435,XSPA
6436,XT
6437,XTLB
6438,XTNT
6439,XXIA
6440,XXII
6441,XYL
6442,Y
6443,YDIV
6444,YECO
6445,YELP
6446,YEXT
6447,YGYI
6448,YI
6449,YIN
6450,YLCO
6451,YLDE
6452,YNDX
6453,YOGA
6454,YORW
6455,YPF
6456,YRCW
6457,YRD
6458,YRIV
6459,YTEN
6460,YTRA
6461,YUM
6462,YUMA
6463,YUMC
6464,YVR
6465,YY
6466,Z
6467,ZAGG
6468,ZAIS
6469,ZAYO
6470,ZBH
6471,ZBIO
6472,ZBK
6473,ZBRA
6474,ZDGE
6475,ZEAL
6476,ZEN
6477,ZEUS
6478,ZF
6479,ZFGN
6480,ZG
6481,ZGNX
6482,ZION
6483,ZIONW
6484,ZIONZ
6485,ZIOP
6486,ZIV
6487,ZIXI
6488,ZKIN
6489,ZLAB
6490,ZLTQ
6491,ZN
6492,ZNGA
6493,ZNH
6494,ZOES
6495,ZOM
6496,ZS
6497,ZSAN
6498,ZTEST
6499,ZTO
6500,ZTR
6501,ZTS
6502,ZUMZ
6503,ZUO
6504,ZX
6505,ZYME
6506,ZYNE
6507,^AEX
6508,^AMZ
6509,^ATX
6510,^ATXR
6511,^BANK
6512,^BFX
6513,^BKX
6514,^BOXR
6515,^BSESN
6516,^BTK
6517,^BVSP
6518,^BXM
6519,^CEX
6520,^CEXR
6521,^CHXR
6522,^CRXR
6523,^DAXR
6524,^DEXR
6525,^DIVQ
6526,^DJC
6527,^DJI
6528,^DJT
6529,^DJU
6530,^DNXR
6531,^DRG
6532,^DWC
6533,^DXS
6534,^EVZ
6535,^FTSE
6536,^FVX
6537,^GSPC
6538,^GVZ
6539,^HGX
6540,^HKO
6541,^HKX
6542,^HSI
6543,^HUI
6544,^INDS
6545,^INSR
6546,^IPSA
6547,^IRX
6548,^IUX
6549,^IXCO
6550,^IXHC
6551,^IXTC
6552,^JKSE
6553,^JPN
6554,^KIX
6555,^KRX
6556,^KS11
6557,^KSX
6558,^LVXR
6559,^LXXR
6560,^MERV
6561,^MID
6562,^MIXR
6563,^MNXR
6564,^MSH
6565,^MXX
6566,^MXY
6567,^NBI
6568,^NDX
6569,^NDXT
6570,^NDXX
6571,^NEX
6572,^NQGM
6573,^NQGS
6574,^NSEI
6575,^NWX
6576,^NXTQ
6577,^NYA
6578,^NYI
6579,^NYL
6580,^NYXR
6581,^NZ50
6582,^OEX
6583,^OFIN
6584,^OMX
6585,^OSX
6586,^OVX
6587,^PHXR
6588,^POXR
6589,^RAG
6590,^RAV
6591,^RLG
6592,^RLX
6593,^RMZ
6594,^RUA
6595,^RUI
6596,^RUJ
6597,^RUO
6598,^RUT
6599,^SEXR
6600,^SFXR
6601,^SML
6602,^SOX
6603,^SSEC
6604,^SSMI
6605,^STI
6606,^STOXX
6607,^TNX
6608,^TPXR
6609,^TWII
6610,^TYX
6611,^UTY
6612,^VIX
6613,^VXN
6614,^VXO
6615,^VXV
6616,^WDXR
6617,^XAL
6618,^XAU
6619,^XAX
6620,^XBD
6621,^XCI
6622,^XII
6623,^XMI
6624,^XNG
6625,^XOI
6626,^XTC
6627,^XU100
